siren,nic,siret,statutDiffusionEtablissement,dateCreationEtablissement,trancheEffectifsEtablissement,anneeEffectifsEtablissement,activitePrincipaleRegistreMetiersEtablissement,dateDernierTraitementEtablissement,etablissementSiege,etatAdministratifUniteLegale,statutDiffusionUniteLegale,unitePurgeeUniteLegale,dateCreationUniteLegale,categorieJuridiqueUniteLegale,denominationUniteLegale,sigleUniteLegale,sexeUniteLegale,nomUniteLegale,nomUsageUniteLegale,prenom1UniteLegale,prenom2UniteLegale,prenom3UniteLegale,prenom4UniteLegale,prenomUsuelUniteLegale,pseudonymeUniteLegale,activitePrincipaleUniteLegale,nomenclatureActivitePrincipaleUniteLegale,identifiantAssociationUniteLegale,economieSocialeSolidaireUniteLegale,societeMissionUniteLegale,trancheEffectifsUniteLegale,anneeEffectifsUniteLegale,nicSiegeUniteLegale,dateDernierTraitementUniteLegale,categorieEntreprise,anneeCategorieEntreprise,complementAdresseEtablissement,numeroVoieEtablissement,indiceRepetitionEtablissement,dernierNumeroVoieEtablissement,typeVoieEtablissement,libelleVoieEtablissement,codePostalEtablissement,libelleCommuneEtablissement,libelleCommuneEtrangerEtablissement,codeCommuneEtablissement,codePaysEtrangerEtablissement,libellePaysEtrangerEtablissement,identifiantAdresseEtablissement,coordonneeLambertAbscisseEtablissement,coordonneeLambertOrdonneeEtablissement,etatAdministratifEtablissement,enseigne1Etablissement,enseigne2Etablissement,enseigne3Etablissement,denominationUsuelleEtablissement,activitePrincipaleEtablissement,nomenclatureActivitePrincipaleEtablissement,caractereEmployeurEtablissement,activitePrincipaleNAF25Etablissement
100002427,00019,10000242700019,O,2026-01-01,NN,,,2026-01-20T14:24:35.04,true,A,O,,2026-01-01,5710,J & J PLOMBERIE,,,,,,,,,,,43.22A,NAFRev2,,N,N,NN,,00019,2026-01-20T14:24:35.04,,,RUE ARSENE THEMIRE,22,,,CITE,PASCALINE,97300,CAYENNE,,97302,,,97302a360_B,354111.88,544404.42,A,,,,J & J PLOMBERIE,43.22A,NAFRev2,N,43.22G
324548288,00020,32454828800020,O,1990-10-01,NN,,4322AZ,2025-12-06T04:37:43.063,true,A,O,,1981-11-01,1000,,,M,LAFOLLE,,PATRICK,THOMAS,,,PATRICK,,43.22A,NAFRev2,,,,NN,,00020,2025-12-06T09:35:00.577,PME,2023,,51,,,CITE,COULEE D OR,97300,CAYENNE,,97302,,,97302A140_C,,,A,,,,,43.22A,NAFRev2,N,43.22G
332941251,00016,33294125100016,O,1985-04-22,NN,,4322AZ,2025-12-06T03:54:51.429,true,A,O,,1985-04-22,1000,,,M,ROLLE,,IHTON,,,,IHTON,,43.22A,NAFRev2,,,,NN,,00016,2025-12-06T08:04:44.011,PME,2023,,4,,,RUE,AUGUSTE BOUDINOT,97300,CAYENNE,,97302,,,973020085_B,353757.1371463459,545591.6227922908,A,,,,,43.22A,NAFRev2,N,43.22G
337984967,00048,33798496700048,O,2018-03-23,NN,,4322AZ,2025-12-06T01:12:02.75,true,A,O,,1986-07-01,1000,,,M,DAUPHIN,,MARCELLIN,ADOLPHE,,,MARCELLIN,,43.22A,NAFRev2,,,,NN,,00048,2025-12-06T06:33:18.325,PME,2023,,12,,,RUE,DU BOIS COTON,97356,MONTSINERY-TONNEGRANDE,,97313,,,973130123_B,334339.14604902174,540763.3101216983,A,,,,LA MONTSINERIENNE,43.22A,NAFRev2,N,43.22G
338121312,00031,33812131200031,O,2011-04-12,NN,,4322AZ,2025-12-06T04:14:10.839,true,A,O,,1986-06-16,1000,,,M,GRANDY,,RICHARD,CYPRIEN,,,RICHARD,,43.22A,NAFRev2,,,,NN,,00031,2025-12-06T07:27:30.486,PME,2023,,2,,,CITE,JEAN FRANCOIS,97300,CAYENNE,,97302,,,97302a231_B,353908.8855017142,544716.5109437879,A,,,,MULTI TRAVAUX,43.22A,NAFRev2,N,43.22G
338136831,00017,33813683100017,O,1986-06-27,11,2023,4322AZ,2025-12-05T20:00:22.91,true,A,O,,1986-06-27,5710,SOC GUYANAISE DE PLOMBERIE,SGP,,,,,,,,,,43.22A,NAFRev2,,N,,11,2023,00017,2025-12-06T07:53:00.137,PME,2023,700A,700,,,CHEMIN,GIBELIN,97351,MATOURY,,97307,,,973070030_B,352923.62720742926,536823.6917260239,A,,,,,43.22A,NAFRev2,O,43.22G
342470218,00047,34247021800047,O,2025-06-30,NN,,,2025-12-05T18:48:40.627,true,A,O,,1987-10-01,1000,,,M,BONJOTIN,,JEAN-PAUL,MAURICE,,,JEAN-PAUL,,43.22A,NAFRev2,,,,NN,,00047,2025-12-06T09:50:55.194,PME,2023,,2669,,,ROUTE,D'ATTILA CABASSOU,97354,REMIRE-MONTJOLY,,97309,,,973090288_B,355251.46,540888.25,A,,,,,43.22A,NAFRev2,N,43.22G
350391173,00035,35039117300035,O,1999-10-04,NN,,4322AZ,2025-12-05T19:00:29.937,true,A,O,,1989-03-19,1000,,,M,HO-FOUI-SANG,,HENRI,,,,HENRI,,43.22A,NAFRev2,,,,NN,,00035,2025-12-06T09:09:36.07,PME,2023,LOTISSEMENT COTONNIERE OUEST,835,,,LOTISSEMENT,LA COTONNIERE OUEST,97351,MATOURY,,97307,,,97307A012_B,351554.0311238829,539682.2600012047,A,,,,HENRI HO,43.22A,NAFRev2,N,43.22G
378442701,00033,37844270100033,P,2006-01-02,NN,,,2025-12-05T19:15:34.864,true,A,P,,1990-06-01,1000,[ND],[ND],[ND],[ND],[ND],[ND],[ND],[ND],[ND],[ND],[ND],43.22A,NAFRev2,,,,NN,,00033,2025-12-06T10:28:45.832,PME,2023,[ND],[ND],[ND],[ND],[ND],[ND],[ND],MATOURY,,97307,,,[ND],[ND],[ND],A,[ND],[ND],[ND],[ND],43.22A,NAFRev2,N,43.22G
378558563,00037,37855856300037,O,2009-07-20,NN,,4322AZ,2025-12-05T16:23:56.799,true,A,O,,1990-06-29,1000,,,M,BOUTIN,,ERIC,EUGENE,,,ERIC,,43.22A,NAFRev2,,,,NN,,00037,2025-12-06T09:12:41.123,PME,2023,RESIDENCE MAYA,2,,,RUE,DES EMERILLONS,97351,MATOURY,,97307,,,973070127_B,352822.01705560135,539747.195761327,A,,,,ASS-PLOMB-GAZ,43.22A,NAFRev2,N,43.22G
380448464,00020,38044846400020,O,1992-03-12,NN,,,2025-12-05T18:27:18.356,true,A,O,,1991-01-01,1000,,,M,LABOURG,,CHRISTIAN,,,,CHRISTIAN,,43.22A,NAFRev2,,,,NN,,00020,2025-12-06T06:16:45.649,PME,2023,,,,,LD,SAVANE MATITI PK 10,97355,MACOURIA,,97305,,,,,,A,,,,,43.22A,NAFRev2,N,43.22G
381267343,00014,38126734300014,O,1991-04-01,NN,,4391BZ,2025-12-05T16:13:54.15,true,A,O,,1991-04-01,1000,,,M,QUOINQUOIN,,JEREMIE,,,,JEREMIE,,43.22A,NAFRev2,,,,NN,,00014,2025-12-06T08:56:25.636,PME,2023,,,,,RTE,DE MANA PK 3 5,97360,MANA,,97306,,,,,,A,,,,,43.22A,NAFRev2,N,43.22G
382257798,00019,38225779800019,O,1991-07-15,NN,,4322AZ,2025-12-05T16:54:33.504,true,A,O,,1991-07-15,1000,,,M,LOUISE,,NORBERT,,,,NORBERT,,43.22A,NAFRev2,,,,NN,,00019,2025-12-06T10:54:10.392,PME,2023,,13,,,LOTISSEMENT,GIBELIN I,97351,MATOURY,,97307,,,97307A025_B,352938.786692102,536636.0284450527,A,,,,,43.22A,NAFRev2,N,43.22G
385120324,00053,38512032400053,O,2013-01-01,NN,,4322AZ,2025-12-06T00:04:07.586,true,A,O,,1992-03-27,1000,,,M,TANIBOL,,OCTAVE,ANICET,,,OCTAVE,,43.22A,NAFRev2,,,,NN,,00053,2025-12-06T09:33:41.347,PME,2023,PK1 -RTE TONNEGRANDE LD BEAUSEJOUR,,,,LOT,KALANI,97356,MONTSINERY-TONNEGRANDE,,97313,,,,,,A,,,,,43.22A,NAFRev2,N,43.22G
388564858,00032,38856485800032,O,2010-01-01,NN,,4322AZ,2025-12-06T04:12:02.466,true,A,O,,1992-09-27,1000,,,M,PIERRE,,TIBURCE,,,,TIBURCE,,43.22A,NAFRev2,,,,NN,,00032,2025-12-06T05:42:14.486,PME,2023,,90,,,CITE,CHATENAY 4,97300,CAYENNE,,97302,,,97302a119_B,354437.8558153804,546458.5641922102,A,,,,PT PLOMBERIE,43.22A,NAFRev2,N,43.22G
388646440,00031,38864644000031,O,2017-12-01,NN,,4322AZ,2025-12-05T16:23:15.318,true,A,O,,1992-08-17,1000,,,M,RAMPHORT,,DANIEL,TONY,,,DANIEL,,43.22A,NAFRev2,,,,NN,,00031,2025-12-06T09:13:09.906,PME,2023,,7539,,,AVENUE,CHRISTOPHE COLOMB,97320,SAINT-LAURENT-DU-MARONI,,97311,,,973110032_B,163262.53523387946,606217.8277587154,A,,,,DAN A DOM PLOMBERIE,43.22A,NAFRev2,N,43.22G
399687821,00039,39968782100039,O,2009-05-28,11,2023,,2025-12-05T22:47:22.99,true,A,O,,1995-01-01,5710,COMPAGNIE D INGENIERIE DES EAUX,CIE,,,,,,,,,,43.22A,NAFRev2,,,,11,2023,00039,2025-12-06T11:24:52.884,GE,2023,ZAC DE DEGRAD DES CANNES,,,,,PASCAUD OUEST,97354,REMIRE-MONTJOLY,,97309,,,97309B019_B,358247.53517476754,538013.7486068865,A,,,,,43.22A,NAFRev2,O,43.22G
407539774,00015,40753977400015,O,1996-05-09,NN,,4334ZB,2025-12-05T23:46:59.276,true,A,O,,1996-05-09,1000,,,M,PRUD'HOMME,,ALAIN,,,,ALAIN,,43.22A,NAFRev2,,,,NN,,00015,2025-12-06T06:56:14.832,PME,2023,PROPRIETE ANASTHASE,20,,,RUE,VICTOR CEIDE,97351,MATOURY,,97307,,,973070052_B,352525.9090399288,536201.9745214146,A,,,,,43.22A,NAFRev2,N,43.22G
410165039,00018,41016503900018,O,1997-01-04,NN,,,2025-12-05T16:13:13.641,true,A,O,,1997-01-04,5499,SARL PLOMB'EXPRESS,,,,,,,,,,,43.22A,NAFRev2,,,,NN,,00018,2025-12-06T10:16:50.635,PME,2023,,15,,,RUE,DES FRERES AMET,97310,KOUROU,,97304,,,973040671_B,317499.15249658923,569831.7512395701,A,,,,,43.22A,NAFRev2,O,43.22G
411565963,00013,41156596300013,O,1997-04-04,NN,,1013AZ,2025-12-06T01:40:03.241,true,A,O,,1997-04-04,1000,,,M,LUBRANO DIFIGOLO,,MICHEL,,,,MICHEL,,43.22A,NAFRev2,,,,NN,,00013,2025-12-06T06:43:35.842,PME,2023,CITE GRANT,180,,,RUE,DES BECS D'ARGENT,97300,CAYENNE,,97302,,,973020107_B,355568.46473044343,547052.0757529789,A,,,,,43.22A,NAFRev2,N,43.22G
418186730,00028,41818673000028,O,2011-01-15,NN,,,2025-12-05T23:04:54.548,true,A,O,,1998-04-03,1000,,,M,BEAUDI,,GILLES,,,,GILLES,,43.22A,NAFRev2,,,,NN,,00028,2025-12-06T07:54:33.67,PME,2023,,,,,LOTISSEMENT,COGNEAU,97351,MATOURY,,97307,,,97307A010_B,352458.45897124836,539122.208707675,A,,,,,43.22A,NAFRev2,N,43.22G
421792540,00021,42179254000021,O,2026-01-22,NN,,,2026-01-23T15:03:43.276,true,A,O,,1999-02-19,1000,,,M,HYACINTHE,,JEAN,PRESSOIR,,,JEAN,,43.22A,NAFRev2,,,,NN,,00021,2026-01-23T15:03:43.281,,,LOT PREFONTAINE,23,,,RUE,DES JACQUIERS,97355,MACOURIA,,97305,,,97305455x_B,335519.74,550794.54,A,,,,ALIZEE MULTI-TRAVAUX,43.22A,NAFRev2,N,43.22G
423424514,00036,42342451400036,O,2023-06-30,NN,,,2025-12-05T23:47:36.625,true,A,O,,1999-06-08,1000,,,M,OXIGENE,,VANEL,,,,VANEL,,43.22A,NAFRev2,,,,NN,,00036,2025-12-06T08:24:05.668,PME,2023,LOTISSAMENT PATIENT,,,,RUE,DE L’AUBIER JAUNE,97300,CAYENNE,,97302,,,973021065_B,353785.9873154381,543355.7761074019,A,,,,TOUS TRAVAUX ET SERVICES,43.22A,NAFRev2,N,43.22G
433638533,00037,43363853300037,O,2006-09-11,01,2023,4399CZ,2025-12-05T18:34:57.243,true,A,O,,2000-12-01,1000,,,M,AUGUSTE,,JOSEPH,JOUMY,,,JOSEPH,,43.22A,NAFRev2,,,,01,2023,00037,2025-12-06T06:55:22.415,PME,2023,,15,,,RUE,ALEXANDRE BERTHIER,97310,KOUROU,,97304,,,973040236_B,316693.18095637305,569950.3936658604,A,,,,,43.22A,NAFRev2,O,43.22G
433638996,00036,43363899600036,O,2011-01-01,NN,,4322AZ,2025-12-06T04:18:45.674,true,A,O,,2000-09-01,5499,SOCIETE CASTOR DIEUJUSTE,SCDJ,,,,,,,,,,43.22A,NAFRev2,,,,NN,,00036,2025-12-06T07:52:00.757,PME,2023,AQUAVILLA LOT SALEM,1063,,,RUE,DE LA RAFFINERIE,97351,MATOURY,,97307,,,973070719_B,354007.10347489995,539334.5525424047,A,,,,,43.22A,NAFRev2,N,43.22G
441285889,00032,44128588900032,O,2024-01-26,NN,,,2025-12-05T17:10:28.561,true,A,O,,2002-03-13,1000,,,M,NIKOLIC,,DRAGOSLAV,,,,DRAGOSLAV,,43.22A,NAFRev2,,,,NN,,00032,2025-12-06T07:46:18.536,PME,2023,,78,,,RUE,"DES ANANAS, HAMEAU DE PREFONTAIN",97355,MACOURIA,,97305,,,,,,A,,,,,43.22A,NAFRev2,N,43.22G
442803847,00015,44280384700015,O,2002-07-10,NN,,4221ZA,2025-12-06T04:03:16.154,true,A,O,,2002-07-10,1000,,,M,HYACINTHE,,DARTAGNAN,,,,DARTAGNAN,,43.22A,NAFRev2,,,,NN,,00015,2025-12-06T05:56:26.705,PME,2023,,54,,,CHE,DE TROUBIRAN,97300,CAYENNE,,97302,,,,,,A,,,,,43.22A,NAFRev2,N,43.22G
447910308,00025,44791030800025,O,2021-04-17,NN,,,2025-12-05T16:17:18.384,true,A,O,,2003-03-17,1000,,,M,MOREAU,,PATRICK,,,,PATRICK,,43.22A,NAFRev2,,,,NN,,00025,2025-12-06T09:26:35.627,PME,2023,,495,,,RUE,DES BRUNES,97356,MONTSINERY-TONNEGRANDE,,97313,,,97313505j_B,338527.1579702256,546799.0942229757,A,,,,PATRICK MOREAU,43.22A,NAFRev2,N,43.22G
448490664,00027,44849066400027,O,2003-06-07,NN,,4399CZ,2025-12-06T04:13:42.659,true,A,O,,2003-06-07,1000,,,M,JEANTILHOMME,,EDRICE,,,,EDRICE,,43.22A,NAFRev2,,,,NN,,00027,2025-12-06T06:24:33.312,PME,2023,LA CHAUMIERE,,,,LOTISSEMENT,LES LOUSSAIS,97351,MATOURY,,97307,,,97307A031_B,350176.8035846484,540284.185026472,A,,,,,43.22A,NAFRev2,N,43.22G
449028810,00017,44902881000017,O,2003-01-01,03,2023,1107BZ,2025-12-05T16:10:54.641,true,A,O,,2003-01-01,5499,SNA BTP,,,,,,,,,,,43.22A,NAFRev2,,,,03,2023,00017,2025-12-06T09:12:55.673,PME,2023,,2,,,RUE,THIERS,97320,SAINT-LAURENT-DU-MARONI,,97311,,,973110200_B,164048.59951071342,608830.7065517184,A,,,,,43.22A,NAFRev2,O,43.22G
452722762,00039,45272276200039,O,2017-12-04,NN,,4322AZ,2025-12-05T17:25:40.163,true,A,O,,2004-03-22,1000,,,M,GEORGES,,ROBERT,,,,ROBERT,,43.22A,NAFRev2,,,,NN,,00039,2025-12-06T10:14:48.81,PME,2023,CITE THEMIRE,35,,,RUE,RENE MARAN,97300,CAYENNE,,97302,,,973020865_B,353456.0808099777,545491.6029184982,A,,,,GEORGES ENTREPRISE,43.22A,NAFRev2,N,43.22G
483698908,00041,48369890800041,O,2024-04-12,NN,,,2025-12-05T18:43:50.11,true,A,O,,2005-09-01,1000,,,M,PAUL,,WILFRID,,,,WILFRID,,43.22A,NAFRev2,,,,NN,,00041,2025-12-06T06:30:19.376,PME,2023,PTE JEAN GILLES DERRIERE BBC,,,,ROUTE,DE MANGO,97300,CAYENNE,,97302,,,973020680_B,354031.17,545150.47,A,,,,UNIVERSAL PRESTATIONS,43.22A,NAFRev2,N,43.22G
484154257,00063,48415425700063,P,2025-09-01,NN,,,2025-12-06T00:33:40.423,true,A,P,,2005-10-12,1000,[ND],[ND],[ND],[ND],[ND],[ND],[ND],[ND],[ND],[ND],[ND],43.22A,NAFRev2,,,,NN,,00063,2025-12-06T05:52:30.108,,,[ND],[ND],[ND],[ND],[ND],[ND],[ND],MACOURIA,,97305,,,[ND],[ND],[ND],A,[ND],[ND],[ND],[ND],43.22A,NAFRev2,N,43.22G
487507139,00011,48750713900011,O,2005-12-01,NN,,4776ZP,2025-12-05T20:51:32.411,true,A,O,,2005-12-01,1000,,,M,SIROPO,,ROBERT,,,,ROBERT,,43.22A,NAFRev2,,,,NN,,00011,2025-12-06T07:55:30.155,PME,2023,,2620,,,AVENUE,GASTON MONNERVILLE,97320,SAINT-LAURENT-DU-MARONI,,97311,,,973110053_B,166758.26830764383,607878.7669506691,A,,,,,43.22A,NAFRev2,N,43.22G
487742207,00011,48774220700011,O,2005-01-01,01,2023,,2025-12-06T04:14:09.79,true,A,O,,2005-01-01,5499,HVC PLOMBERIE PARTICIPATIONS ,HVC PLOMB PARTICIP,,,,,,,,,,43.22A,NAFRev2,,,,01,2023,00011,2025-12-06T05:15:22.798,PME,2023,,2,,,,COGNEAU LAMIRANDE,97351,MATOURY,,97307,,,97307b077_B,353096.4726683188,538659.4417012165,A,,,,,43.22A,NAFRev2,O,43.22G
488359662,00043,48835966200043,O,2022-04-04,NN,,4322AZ,2025-12-05T16:49:50.788,true,A,O,,2006-02-06,1000,,,M,TOUSSAINT,,JACKY,,,,JACKY,,43.22A,NAFRev2,,,,NN,,00043,2025-12-06T07:58:57.696,PME,2023,,4,,,CHEMIN,DE L'EGYPTIENNE,97351,MATOURY,,97307,,,973070833_B,351164.661142732,530148.8259130918,A,,,,ALFA PRESTATIONS,43.22A,NAFRev2,N,43.22G
494688500,00011,49468850000011,O,2007-03-01,NN,,4331ZB,2025-12-05T16:17:28.656,true,A,O,,2007-03-01,5499,TROPICAL PLOMBERIE,,,,,,,,,,,43.22A,NAFRev2,,,,NN,,00011,2025-12-06T08:52:21.612,PME,2023,"PK 7,5 - PROP. BARRAS",,,,ROUTE,DE MONTJOLY,97354,REMIRE-MONTJOLY,,97309,,,973092czcu9_B,358606.20473302866,543276.5494940002,A,,,,,43.22A,NAFRev2,O,43.22G
500705330,00016,50070533000016,O,2007-10-05,NN,,4399DA,2025-12-06T01:36:26.47,true,A,O,,2007-10-05,5499,PLOMB EXPRESS SERVICES,PES,,,,,,,,,,43.22A,NAFRev2,,,,NN,,00016,2025-12-06T09:45:23.984,PME,2023,,20,,,RUE,RAYMOND CRESSON,97310,KOUROU,,97304,,,973040666_B,317489.68998646166,569816.9572852121,A,,,,,43.22A,NAFRev2,N,43.22G
502041221,00032,50204122100032,O,2018-10-08,02,2023,4322AZ,2025-12-05T19:53:34.229,true,A,O,,2008-01-11,5710,P.C.S,P.C.S,,,,,,,,,,43.22A,NAFRev2,,N,,02,2023,00032,2025-12-06T09:37:17.182,PME,2023,,24,,,CITE,MORTIN,97300,CAYENNE,,97302,,,97302a325_B,353004.013887289,543452.8530737134,A,,,,,43.22A,NAFRev2,N,43.22G
502269301,00029,50226930100029,O,2009-10-23,NN,,,2025-12-05T16:49:52.229,false,A,O,,2008-02-01,5499,SPEED DEPANNAGE,,,,,,,,,,,43.22A,NAFRev2,,,,NN,,00011,2025-12-06T10:03:47.903,PME,2023,,13,,,LOTISSEMENT,CALIMBE II,97300,CAYENNE,,97302,,,97302A077_B,354301.7281851426,543783.652040333,A,SPEED ALU,,,,43.22A,NAFRev2,N,43.22G
503234833,00021,50323483300021,O,2011-07-13,NN,,4322AZ,2025-12-05T16:00:14.253,true,A,O,,2008-03-18,1000,,,M,BRUNEAU,,LUIZ,,,,LUIZ,,43.22A,NAFRev2,,,,NN,,00021,2025-12-06T07:16:00.996,PME,2023,,19,,,RUE,VICTOR CEIDE,97354,REMIRE-MONTJOLY,,97309,,,973090120_B,358337.65447956027,540270.9986704214,A,,,,BR PLOMBERIE,43.22A,NAFRev2,N,43.22G
504819863,00011,50481986300011,O,2008-06-19,NN,,4520AB,2025-12-06T04:44:10.637,true,A,O,,2008-06-19,1000,,,M,JEAN LOUIS,,MARIO,,,,MARIO,,43.22A,NAFRev2,,,,NN,,00011,2025-12-06T06:43:20.088,PME,2023,BALATA OUEST,13,,,RUE,WAPA,97351,MATOURY,,97307,,,973070300_B,351535.2117716911,540201.1953027527,A,,,,,43.22A,NAFRev2,N,43.22G
508455649,00048,50845564900048,O,2019-04-23,NN,,4322AZ,2025-12-05T17:48:56.422,true,A,O,,2008-11-07,1000,,,M,BOUCHER,,FRANCOIS,RICO,,,FRANCOIS,,43.22A,NAFRev2,,,,NN,,00048,2025-12-06T07:00:19.261,PME,2023,,34,B,,AVENUE,DE MONTRAVEL,97354,REMIRE-MONTJOLY,,97309,,,973090059_B,359667.25102418463,542803.3044264466,A,,,,PLOMBE SERVICE,43.22A,NAFRev2,O,43.22G
512799297,00019,51279929700019,O,2009-06-22,NN,,,2025-12-05T16:34:58.425,true,A,O,,2009-06-22,1000,,,M,KLOCK,,PATRICE RICHARD,,,,PATRICE RICHARD,,43.22A,NAFRev2,,,,NN,,00019,2025-12-06T10:52:37.081,PME,2023,,9,,,ALLEE,DES CASSIALATAS,97320,SAINT-LAURENT-DU-MARONI,,97311,,,973110462_B,163840.75197934092,608244.9605736393,A,,,,,43.22A,NAFRev2,N,43.22G
513073502,00017,51307350200017,O,2009-06-01,NN,,4322AZ,2025-12-05T20:25:52.819,true,A,O,,2009-06-01,1000,,,M,LEMEE,,GERARD,CHARLES,,,GERARD,,43.22A,NAFRev2,,,,NN,,00017,2025-12-06T07:17:09.877,PME,2023,,85,,,RUE,EMILE PAULINE,97310,KOUROU,,97304,,,97304zrcj_B,318376.49963082885,570737.5011647575,A,,,,,43.22A,NAFRev2,N,43.22G
513874289,00012,51387428900012,O,2009-07-17,NN,,,2025-12-05T21:03:08.361,true,A,O,,2009-07-17,1000,,,M,SOKE,,ANTINIE,,,,ANTINIE,,43.22A,NAFRev2,,,,NN,,00012,2025-12-06T11:00:12.287,PME,2023,,4,,,RUE,DES COMOUS,97310,KOUROU,,97304,,,973040679_B,318418.4891336786,570121.7691080916,A,,,,,43.22A,NAFRev2,N,43.22G
514299676,00023,51429967600023,O,2014-06-17,NN,,4322AZ,2025-12-05T20:50:52.754,true,A,O,,2009-08-17,5499,SERVICES PLOMBERIE ELECTRICITE,S.P.E.,,,,,,,,,,43.22A,NAFRev2,,N,,NN,,00023,2025-12-06T07:21:40.512,PME,2023,,,,,,PREFONTAINE,97355,MACOURIA,,97305,,,97305B029_C,,,A,,,,,43.22A,NAFRev2,N,43.22G
517587010,00011,51758701000011,O,2009-11-01,NN,,,2025-12-05T16:41:28.761,true,A,O,,2009-11-01,1000,,,M,EDOUARD,,MONTAGNER,,,,MONTAGNER,,43.22A,NAFRev2,,,,NN,,00011,2025-12-06T08:26:27.258,PME,2023,,44,B,,,LA LEVEE,97351,MATOURY,,97307,,,97307B041_C,,,A,,,,,43.22A,NAFRev2,N,43.22G
518600341,00029,51860034100029,O,2023-03-24,NN,,4322AZ,2025-12-05T21:28:52.32,true,A,O,,2010-01-10,1000,,,M,SALIBER,,JEAN-LOUIS,,,,JEAN-LOUIS,,43.22A,NAFRev2,,,,NN,,00029,2025-12-06T08:22:48.48,PME,2023,,13,,,,LES BALISIERS,97354,REMIRE MONTJOLY,,97309,,,97309B025_C,,,A,,,,JLS PLOMBERIE,43.22A,NAFRev2,N,43.22G
518871611,00019,51887161100019,O,2010-01-14,NN,,4333ZZ,2025-12-05T18:13:05.63,true,A,O,,2010-01-14,1000,,,M,ABAUNA,,BELISON,,,,BELISON,,43.22A,NAFRev2,,,,NN,,00019,2025-12-06T09:09:22.234,PME,2023,,70,,,RUE,DU MARONI,97310,KOUROU,,97304,,,973040440_B,318576.0163133159,570371.5064085881,A,,,,WATER WORLD PLOMBERIE,43.22A,NAFRev2,N,43.22G
520075276,00011,52007527600011,O,2009-12-08,NN,2023,4120AZ,2025-12-05T18:36:49.213,true,A,O,,2009-12-08,5710,GUYANE PLOMBERIE,,,,,,,,,,,43.22A,NAFRev2,,N,,NN,2023,00011,2025-12-06T10:46:36.496,PME,2023,,15,,,RUE,BAUDELAIRE,97310,KOUROU,,97304,,,,,,A,GUYANE PLOMBERIE,,,,43.22A,NAFRev2,O,43.22G
520153982,00019,52015398200019,O,2010-03-01,NN,,,2025-12-06T00:42:01.311,true,A,O,,2010-03-01,1000,,,M,LEHACAUT,,JEAN RENE,VINCENT,,,JEAN RENE,,43.22A,NAFRev2,,,,NN,,00019,2025-12-06T08:41:10.098,PME,2023,,27,,,CITE,RENOVATION URBAINE,97300,CAYENNE,,97302,,,97302A440_B,352615.79598023434,545309.1790278645,A,,,,JR LE PLOMBIER,43.22A,NAFRev2,N,43.22G
521487868,00015,52148786800015,O,2009-12-28,01,2023,4120AZ,2025-12-19T13:17:36.54,true,A,O,,2009-12-28,5710,PLOMBI PLUS,,,,,,,,,,,43.22A,NAFRev2,,,,01,2023,00015,2025-12-19T13:17:36.534,PME,2023,,12,,,RUE,MADAME LYDIE PICHEVIN,97300,CAYENNE,,97302,,,973020610_B,353063.50124607794,546266.0275382346,A,PLOMBI PLUS,,,,43.22A,NAFRev2,N,43.22G
521687103,00015,52168710300015,O,2010-05-01,02,2023,4399CZ,2025-12-06T04:12:47.733,true,A,O,,2010-05-01,5499,EURL ALCIDE PLOMBERIE,,,,,,,,,,,43.22A,NAFRev2,,,,02,2023,00015,2025-12-06T07:57:14.223,PME,2023,"PK 7,5 - CHEMIN POUPON",,,,ROUTE,DE MONTJOLY,97354,REMIRE-MONTJOLY,,97309,,,973092czcu9_B,358606.20473302866,543276.5494940002,A,,,,,43.22A,NAFRev2,O,43.22G
524029980,00017,52402998000017,O,2010-07-10,NN,,,2025-12-06T04:12:09.939,true,A,O,,2010-07-10,1000,,,M,DEWINIE,,JOSE,,,,JOSE,,43.22A,NAFRev2,,,,NN,,00017,2025-12-06T10:47:59.013,PME,2023,,38,,,RUE,ROLAND BARAT,97320,SAINT-LAURENT-DU-MARONI,,97311,,,973110160_B,164165.85506839282,608395.5186421796,A,,,,,43.22A,NAFRev2,N,43.22G
524193398,00038,52419339800038,O,2014-04-03,01,2023,4322AZ,2025-12-06T04:22:14.147,false,A,O,,2010-08-01,5499,SO.TR.A.G. SOCIETE DE TRAVAUX ANTILLES GUYANE,,,,,,,,,,,43.22A,NAFRev2,,N,,03,2023,00046,2025-12-06T05:13:57.389,PME,2023,,3936,,,ROUTE,DE MONTABO,97300,CAYENNE,,97302,,,97302bf08_B,356822.9285914751,545081.8732608203,A,SO.TR.A.G,,,,43.22A,NAFRev2,O,43.22G
524454592,00022,52445459200022,O,2016-06-15,NN,,4322AZ,2025-12-05T19:19:07.208,true,A,O,,2010-08-26,1000,,,M,MERZIER,,CIBIEN,,,,CIBIEN,,43.22A,NAFRev2,,,,NN,,00022,2025-12-06T09:09:51.481,PME,2023,BAT 444  ALLEE 3,,,,,COGNEAU LAMIRANDE,97351,MATOURY,,97307,,,97307B077_B,352954.25112373516,539089.8301924457,A,,,,,43.22A,NAFRev2,N,43.22G
524542172,00019,52454217200019,O,2010-08-24,NN,,4322AZ,2025-12-05T18:41:00.559,true,A,O,,2010-08-24,1000,,,M,GIRARD,,ANDRE EMILE,,,,ANDRE EMILE,,43.22A,NAFRev2,,,,NN,,00019,2025-12-06T08:43:59.255,PME,2023,LOT LES KOULANS,7,,,RUE,BERNARD PAVANT,97360,MANA,,97306,,,973060131_B,192284.71821795887,627596.8490297055,A,PLOMBELEC 973,,,,43.22A,NAFRev2,N,43.22G
524881323,00033,52488132300033,O,2023-09-01,NN,,,2025-12-05T17:14:09.933,true,A,O,,2010-09-20,5710,PLOMB ECO,,,,,,,,,,,43.22A,NAFRev2,,N,,11,2023,00033,2025-12-06T07:52:01.48,PME,2023,14 R DES LIBELLULES-ZI COLLERY 4,,,,LOT,COLLERY IV,97300,CAYENNE,,97302,,,,,,A,,,,,43.22A,NAFRev2,O,43.22G
528275829,00026,52827582900026,O,2021-11-16,NN,,4399CZ,2025-12-05T17:55:01.772,true,A,O,,2010-11-11,1000,,,M,MELLAC,,GUILLAUME,BERNARD,PIERRE,,GUILLAUME,,43.22A,NAFRev2,,,,NN,,00026,2025-12-06T10:05:48.561,PME,2023,LOTISSEMENT PAPILLON,,,,RUE,DES CHRYSALIDES,97354,REMIRE-MONTJOLY,,97309,,,973090261_B,354918.38427754934,541377.826572929,A,,,,JPB,43.22A,NAFRev2,N,43.22G
528518103,00015,52851810300015,O,2010-11-23,NN,,4399DC,2025-12-05T19:51:01.317,true,A,O,,2010-11-23,5710,A.P.M,,,,,,,,,,,43.22A,NAFRev2,,N,,NN,,00015,2025-12-06T08:57:54.234,PME,2023,MAISON GUIRAND APT  NO 3,42,,,,COGNEAU LAMIRANDE,97351,MATOURY,,97307,,,97307b077_B,353033.0392467715,538718.1672717764,A,,,,,43.22A,NAFRev2,N,43.22G
529312639,00014,52931263900014,O,2010-12-15,NN,,4399CZ,2025-12-05T20:00:27.024,true,A,O,,2010-12-15,5710,JOSEPH ONIEL SASU,,,,,,,,,,,43.22A,NAFRev2,,,,NN,,00014,2025-12-06T10:19:54.727,PME,2023,LOTISSEMENT BOUTEZELLE,,,,ROUTE,DE SUZINI,97300,CAYENNE,,97302,,,97302weysrp_B,356421.2105933688,543851.7140647977,A,,,,,43.22A,NAFRev2,N,43.22G
529372815,00017,52937281500017,O,2011-01-01,NN,,7420ZQ,2025-12-05T19:53:01.166,true,A,O,,2011-01-01,1000,,,M,ANAKABA,,RODNEY,ROBERT,,,RODNEY,,43.22A,NAFRev2,,,,NN,,00017,2025-12-06T10:34:52.518,PME,2023,,4,,,RUE,KOUSET ALBINA,97320,SAINT-LAURENT-DU-MARONI,,97311,,,973110086_B,166184.09485525155,606789.990487896,A,,,,YAPI PLOMBERIE,43.22A,NAFRev2,O,43.22G
529705279,00030,52970527900030,O,2025-04-14,NN,,,2025-12-05T18:48:40.341,true,A,O,,2011-01-15,1000,,,M,DELIMEAU,,YVENOR,,,,YVENOR,,43.22A,NAFRev2,,,,NN,,00030,2025-12-06T08:52:21.824,PME,2023,CITE ABRIBAT,26,,,RUE,DES CARAIBES,97351,MATOURY,,97307,,,973070118_B,351462.79,540587.89,A,,,,DEL PLOMBERIE,43.22A,NAFRev2,N,43.22G
530236215,00014,53023621500014,O,2011-01-24,NN,,4399CZ,2025-12-05T17:28:20.269,true,A,O,,2011-01-24,5710,SANIBAT,,,,,,,,,,,43.22A,NAFRev2,,,,NN,,00014,2025-12-06T09:46:10.554,PME,2023,CITE ANATOLE,11,,,RUE,SAINTE -THERESE,97300,CAYENNE,,97302,,,973020910_B,353891.6847182665,545888.0095700482,A,,,,,43.22A,NAFRev2,N,43.22G
533465365,00013,53346536500013,O,2011-07-07,NN,,4399CZ,2025-12-05T17:58:44.688,true,A,O,,2011-07-07,1000,,,M,MOISE,,HILER,,,,HILER,,43.22A,NAFRev2,,,,NN,,00013,2025-12-06T07:02:09.234,PME,2023,,63,B,,RUE,DU LIEUTENANT LEON BECKER,97300,CAYENNE,,97302,,,973020540_B,352618.2310031864,545973.4679937939,A,,,,M PLOMBERIE,43.22A,NAFRev2,O,43.22G
534301957,00013,53430195700013,O,2011-08-25,NN,,4332AB,2025-12-06T04:13:51.561,true,A,O,,2011-08-25,5499,SEANCE MITTERRAND PLOMBERIE,SMP,,,,,,,,,,43.22A,NAFRev2,,,,NN,,00013,2025-12-06T08:51:16.639,PME,2023,,28,,,RUE,RENE JADFARD,97300,CAYENNE,,97302,,,973020860_B,352372.8755475973,545557.2264967632,A,,,,,43.22A,NAFRev2,N,43.22G
535100176,00010,53510017600010,O,2011-11-05,NN,,,2025-12-05T19:52:16.757,true,A,O,,2011-11-05,1000,,,M,LALANNE,,WILNER,,,,WILNER,,43.22A,NAFRev2,,,,NN,,00010,2025-12-06T06:06:49.261,PME,2023,,,,,CHE,BOUTEZELLE,97300,CAYENNE,,97302,,,,,,A,,,,ENTREPRISE LALANNE,43.22A,NAFRev2,N,43.22G
535118905,00012,53511890500012,O,2011-10-05,NN,,4322AZ,2025-12-05T19:04:45.375,true,A,O,,2011-10-05,1000,,,M,JOSEPH,,MILTON,,,,MILTON,,43.22A,NAFRev2,,,,NN,,00012,2025-12-06T05:39:26.686,PME,2023,STUDIO VERCORS B-48,,,,PLACE,NEWTON,97310,KOUROU,,97304,,,973040460_B,318260.4681410518,570972.9027488743,A,,,,JPC,43.22A,NAFRev2,N,43.22G
537673725,00017,53767372500017,O,2011-11-02,NN,,,2025-12-05T16:58:16.574,true,A,O,,2011-11-02,1000,,,M,MADERE,,EDMARD,,,,EDMARD,,43.22A,NAFRev2,,,,NN,,00017,2025-12-06T07:22:18.968,PME,2023,473 MONT-LUCAS II BAT JABOTY,,,,CHE,DE TROUBIRAN,97300,CAYENNE,,97302,,,,,,A,,,,,43.22A,NAFRev2,N,43.22G
537779035,00030,53777903500030,O,2016-08-25,NN,,4322AZ,2025-12-05T17:41:40.349,true,A,O,,2011-10-10,1000,,,M,VICTOR,,GLINTON,,,,GLINTON,,43.22A,NAFRev2,,,,NN,,00030,2025-12-06T09:09:08.609,PME,2023,C/ CCAS,24,,,AVENUE,LOUIS PASTEUR,97300,CAYENNE,,97302,,,973020600_B,353108.81973804167,546525.6615759213,A,,,,,43.22A,NAFRev2,N,43.22G
539790741,00042,53979074100042,O,2020-10-13,NN,,4322AZ,2025-12-05T18:36:52.147,true,A,O,,2012-02-08,1000,,,M,LAMONNAIE,,JOSEPH,,,,JOSEPH,,43.22A,NAFRev2,,,,NN,,00042,2025-12-06T10:34:08.018,PME,2023,BAT AMARANTHE ETG 1 APPT A9,6,,,RUE,SAINTE-THERESE,97354,REMIRE-MONTJOLY,,97309,,,973090292_B,359596.49234282295,542447.9706476829,A,,,,LJ PLOMBERIE,43.22A,NAFRev2,N,43.22G
750719791,00030,75071979100030,O,2025-06-03,NN,,,2025-12-05T16:09:20.566,true,A,O,,2012-04-03,1000,,,M,DORCA,,GUILLARD,,,,GUILLARD,,43.22A,NAFRev2,,,,NN,,00030,2025-12-06T10:02:02.109,PME,2023,,17,,,RUE,DE L'ARBRE A PAIN,97300,CAYENNE,,97302,,,973021154_B,354027.91,543271.27,A,,,,GUYA PLOMBERIE SERVICES,43.22A,NAFRev2,N,43.22G
750744641,00028,75074464100028,O,2019-06-13,NN,,4322AZ,2025-12-05T18:59:37.507,true,A,O,,2012-04-15,1000,,,M,DIMA,,EBERT,ALBERT,,,EBERT,,43.22A,NAFRev2,,,,NN,,00028,2025-12-06T09:01:06.196,PME,2023,BAT G ESC 39,3,,,AVENUE,LEON GONTRAN DAMAS,97310,KOUROU,,97304,,,973040734_B,316621.24600449944,572219.2406674299,A,,,,ALBERT PLOMBERIE,43.22A,NAFRev2,N,43.22G
750867244,00014,75086724400014,O,2012-04-10,NN,,4322AZ,2025-12-05T18:43:17.629,true,A,O,,2012-04-10,1000,,,M,BENDAYO,,JOSEPH,,,,JOSEPH,,43.22A,NAFRev2,,,,NN,,00014,2025-12-06T09:27:21.075,PME,2023,CITE ABRIBA BALATA OUEST,49,,,RUE,POLUS ASSARD,97351,MATOURY,,97307,,,973070007_B,351346.93945015344,540611.7797384306,A,,,,HYDRO WATER,43.22A,NAFRev2,N,43.22G
750994196,00012,75099419600012,O,2012-01-22,NN,,,2025-12-05T19:57:42.769,true,A,O,,2012-01-22,1000,,,M,SEIDE,,MARFAIT,,,,MARFAIT,,43.22A,NAFRev2,,,,NN,,00012,2025-12-06T10:35:07.598,PME,2023,,3,,,PLACE,PAUL SIGNAC,97310,KOUROU,,97304,,,973040582_B,316936.37256615044,572444.4568318494,A,,,,PLOMB'EAU SEIDE,43.22A,NAFRev2,N,43.22G
751769308,00014,75176930800014,O,2012-05-22,NN,,4399CZ,2025-12-05T16:03:52.778,true,A,O,,2012-05-22,5499,EURL IPDG,,,,,,,,,,,43.22A,NAFRev2,,,,NN,,00014,2025-12-06T10:51:59.756,PME,2023,,26,,,RUE,DES CARAIBES,97351,MATOURY,,97307,,,973070118_B,351501.2405614464,540573.5471022044,A,,,,,43.22A,NAFRev2,N,43.22G
752044032,00023,75204403200023,O,2016-09-01,NN,,4322AZ,2025-12-06T00:17:03.995,true,A,O,,2012-05-01,5499,EURL JH,,,,,,,,,,,43.22A,NAFRev2,,N,,NN,,00023,2025-12-06T10:48:59.99,PME,2023,,1388,,,RUE,PAGAMONT,97355,MACOURIA,,97305,,,973050744_B,340073.17375171965,544224.6665278372,A,,,,,43.22A,NAFRev2,O,43.22G
752045146,00038,75204514600038,O,2015-01-10,01,2023,4322AZ,2025-12-05T19:01:53.673,true,A,O,,2012-05-25,5710,HELIOS,,,,,,,,,,,43.22A,NAFRev2,,,,01,2023,00038,2025-12-06T10:42:35.565,PME,2023,,21,,,RESIDENCE,LE CLOS FLEURI VOIE A,97354,REMIRE-MONTJOLY,,97309,,,97309A091_B,358585.4308940737,542733.932377842,A,,,,,43.22A,NAFRev2,N,43.22G
752081703,00015,75208170300015,O,2012-06-18,NN,,4322AZ,2025-12-06T04:12:37.608,true,A,O,,2012-06-18,1000,,,M,AWASAI,,NELIS,,,,NELIS,,43.22A,NAFRev2,,,,NN,,00015,2025-12-06T08:13:09.633,PME,2023,LA CHARBONNIERE,12,,,RUE,DES TORTUES,97320,SAINT-LAURENT-DU-MARONI,,97311,,,973110206_B,163564.24846058292,607791.8440716965,A,,,,MAMION,43.22A,NAFRev2,N,43.22G
789377629,00033,78937762900033,O,2024-12-05,NN,,,2025-12-05T20:20:04.791,true,A,O,,2012-12-14,1000,,,M,TROPNAS,,IVENEL,,,,IVENEL,,43.22A,NAFRev2,,,,NN,,00033,2025-12-06T09:37:25.16,PME,2023,CITE CAPULO,4,,,RUE,DES PRUNES DE CYTHERE,97300,CAYENNE,,97302,,,973020797_B,353705.91,545372.69,A,,,,DIP'S GUYANE,43.22A,NAFRev2,N,43.22G
789547809,00010,78954780900010,O,2012-12-15,02,2023,4520AB,2025-12-05T16:13:26.025,true,A,O,,2012-12-15,5499,PLOMB' EXPRESS GUYANE,P.E.G,,,,,,,,,,43.22A,NAFRev2,,,,02,2023,00010,2025-12-06T07:09:32.979,PME,2023,,15,,,RUE,DES FRERES AMET,97310,KOUROU,,97304,,,973040671_B,317499.15249658923,569831.7512395701,A,,,,,43.22A,NAFRev2,O,43.22G
791811417,00017,79181141700017,O,2013-03-14,NN,,3320AZ,2025-12-05T19:45:33.621,true,A,O,,2013-03-14,5499,JP BATIMENT & DISTRIBUTION,,,,,,,,,,,43.22A,NAFRev2,,,,NN,,00017,2025-12-06T09:42:02.936,PME,2023,,756,,,ROUTE,DE LA CHAUMIERE,97351,MATOURY,,97307,,,973070851_B,349511.7206196666,540124.5353758632,A,,,,,43.22A,NAFRev2,N,43.22G
791939408,00013,79193940800013,O,2013-01-01,NN,,4321AB,2025-12-05T16:24:21.007,true,A,O,,2013-01-01,5710,TECHNO PLOMBERIE,,,,,,,,,,,43.22A,NAFRev2,,N,,NN,,00013,2025-12-06T11:26:30.244,PME,2023,,,,,,PK 11 RUE DES CHUTES VOLTAIRE,97320,SAINT-LAURENT-DU-MARONI,,97311,,,,,,A,,,,,43.22A,NAFRev2,N,43.22G
792082968,00027,79208296800027,O,2014-07-31,NN,,4322AZ,2025-12-05T17:44:07.847,true,A,O,,2013-04-01,5499,SARL AJS PLOMBERIE,,,,,,,,,,,43.22A,NAFRev2,,,,NN,,00027,2025-12-06T08:52:59.057,PME,2023,CHEMIN MORTHIUM,25,,,CHEMIN,LA LEVEE,97351,MATOURY,,97307,,,973070037_B,353074.36388003617,534502.2482656115,A,,,,,43.22A,NAFRev2,O,43.22G
793505710,00020,79350571000020,O,2014-03-07,NN,,,2025-12-05T18:17:42.196,true,A,O,,2013-07-06,1000,,,M,BELINA,,JEAN-PHILIPPE,MARCELLIN,,,JEAN-PHILIPPE,,43.22A,NAFRev2,,,,NN,,00020,2025-12-06T08:37:21.244,PME,2023,BG DE MONTJOLY,9,,,LOT,LES ABRICOTS,97354,REMIRE MONTJOLY,,97309,,,97309A001_C,,,A,,,,,43.22A,NAFRev2,N,43.22G
793862491,00040,79386249100040,O,2023-05-24,NN,,4322AZ,2025-12-05T17:06:35.085,true,A,O,,2013-07-01,1000,,,M,COMBO,,MOHAMADI,AHMED,HAMIDOU,,MOHAMADI,,43.22A,NAFRev2,,,,NN,,00040,2025-12-06T05:41:03.412,PME,2023,,1219,,,CHEMIN,MORTHIUM,97351,MATOURY,,97307,,,973070737_B,352833.67638828594,535065.2867374815,A,,,,A.M.C PLOMBERIE,43.22A,NAFRev2,N,43.22G
794936088,00010,79493608800010,O,2013-08-08,NN,,5610CQ,2025-12-06T00:32:02.79,true,A,O,,2013-08-08,1000,,,M,VIAL,,NICOLAS,BRUNO,MARTIAL,,NICOLAS,,43.22A,NAFRev2,,,,NN,,00010,2025-12-06T07:04:16.833,PME,2023,,3,,,ALL,DES CHUTES VOLTAIRES,97320,SAINT-LAURENT-DU-MARONI,,97311,,,,,,A,,,,,43.22A,NAFRev2,N,43.22G
797747706,00019,79774770600019,O,2013-10-07,NN,,8211ZP,2025-12-05T17:50:57.7,true,A,O,,2013-10-07,1000,,,M,BELLIARD,,JORY,,,,JORY,,43.22A,NAFRev2,,,,NN,,00019,2025-12-06T09:50:19.558,PME,2023,,3,,,CHEMIN,HILAIRE,97300,CAYENNE,,97302,,,973020448_B,355882.5195498004,546262.8970908506,A,,,,ENTREPRISE BELLIARD PLOMBERIE,43.22A,NAFRev2,N,43.22G
798787552,00016,79878755200016,O,2014-01-02,00,2023,,2025-12-05T19:51:45.955,true,A,O,,2014-01-02,5499,LITTORAL PLOMBERIE,,,,,,,,,,,43.22A,NAFRev2,,,,00,2023,00016,2025-12-06T10:31:55.672,PME,2023,RT DE MONTJOLY,,,,,PK 7,97354,REMIRE MONTJOLY,,97309,,,973090072_C,,,A,,,,,43.22A,NAFRev2,O,43.22G
800684912,00028,80068491200028,O,2025-03-24,NN,,,2025-12-06T00:45:24.739,true,A,O,,2014-02-26,1000,,,M,SABAYO,,NORBERT,RICO,,,NORBERT,,43.22A,NAFRev2,,,,NN,,00028,2025-12-06T11:17:42.534,PME,2023,,1,,,CITE,N ZILA,97300,CAYENNE,,97302,,,97302A340_C,,,A,,,,N.S PLOMBERIE,43.22A,NAFRev2,N,43.22G
804371953,00014,80437195300014,O,2014-09-04,NN,,4322AZ,2025-12-06T00:16:49.651,true,A,O,,2014-09-04,1000,,,M,PINHEIRO DO SOUZA HYACINTHE,,STEEVY,,,,STEEVY,,43.22A,NAFRev2,,,,NN,,00014,2025-12-06T05:45:28.821,PME,2023,,54,,,,PISTE TARZAN,97300,CAYENNE,,97302,,,,,,A,,,,A BAT PLOMBERIE,43.22A,NAFRev2,N,43.22G
805177177,00039,80517717700039,O,2024-06-24,NN,,,2025-12-05T17:22:10.256,true,A,O,,2014-10-13,1000,,,M,BERNARD,,JEFFERSON,MARCEL,,,JEFFERSON,,43.22A,NAFRev2,,,,NN,,00039,2025-12-06T10:04:56.729,PME,2023,1 JARDIN DES TOUCANS,67,,,ROUTE,DEPARTEMENTALE 5,97356,MONTSINERY-TONNEGRANDE,,97313,,,97313ffyg_B,341653.28,529169.91,A,,,,JEFF PLOMBERIE,43.22A,NAFRev2,N,43.22G
807607122,00015,80760712200015,O,2014-11-04,01,2023,4322AZ,2025-12-05T19:59:00.913,true,A,O,,2014-11-04,5710,CLASSE PLOMBERIE,,,,,,,,,,,43.22A,NAFRev2,,N,,01,2023,00015,2025-12-06T06:41:51.669,PME,2023,LIEU DIT MACRABO PK 1.3,,,,ROUTE,DE STOUPAN,97351,MATOURY,,97307,,,973070045_B,349836.0911299588,529596.2730613346,A,,,,,43.22A,NAFRev2,O,43.22G
810545889,00018,81054588900018,O,2015-04-01,NN,,4322AZ,2025-12-06T01:06:39.073,true,A,O,,2015-04-01,5710,PHILIPPE GARCIANE PLOMBERIE,PG PLOMBERIE,,,,,,,,,,43.22A,NAFRev2,,N,,NN,,00018,2025-12-06T10:40:19.908,PME,2023,,870,,,ROUTE,DES PLAGES,97354,REMIRE-MONTJOLY,,97309,,,973090233_B,359530.0837596011,542457.9365435631,A,,,,,43.22A,NAFRev2,N,43.22G
811267640,00019,81126764000019,O,2015-05-06,NN,,4322AZ,2025-12-05T19:53:16.658,true,A,O,,2015-05-06,1000,,,M,FREDERICK,,FRANCISCO,PATRICE,,,FRANCISCO,,43.22A,NAFRev2,,,,NN,,00019,2025-12-06T06:49:17.541,PME,2023,RESIDENCE BADIANE,14,,,RUE,DES MOUKOUS MOUKOUS,97354,REMIRE-MONTJOLY,,97309,,,973090279_B,357085.85499505245,540645.7745232492,A,,,,INNOVA PLOMB,43.22A,NAFRev2,N,43.22G
811456987,00015,81145698700015,O,2015-06-18,NN,,4322AZ,2025-12-05T19:45:32.908,true,A,O,,2015-06-18,1000,,,M,ULYSSE,,RONALD,,,,RONALD,,43.22A,NAFRev2,,,,NN,,00015,2025-12-06T08:27:51.589,PME,2023,RDC,17,,,RUE,GABRIEL DEVEZE,97300,CAYENNE,,97302,,,973020230_B,352972.0018453126,546426.9759093946,A,,,,VERT D'EAU PLOMBERIE,43.22A,NAFRev2,N,43.22G
813146271,00024,81314627100024,O,2018-02-16,01,2023,4322AZ,2025-12-05T16:29:57.643,true,A,O,,2015-09-20,1000,,,M,THOMAS,,GARRY,,,,GARRY,,43.22A,NAFRev2,,,,01,2023,00024,2025-12-06T07:49:44.33,PME,2023,ENSEMBLE PROPRIETE CHRISTIN,,,,CHEMIN,SOURCE DE BADUEL,97300,CAYENNE,,97302,,,973020952_B,354918.73926162,544904.3669958431,A,,,,TSP,43.22A,NAFRev2,O,43.22G
814422598,00015,81442259800015,O,2015-11-02,NN,,4322AZ,2025-12-05T20:41:52.935,true,A,O,,2015-11-02,5710,CHARRON SERVICES PLUS,CSP+,,,,,,,,,,43.22A,NAFRev2,,,,NN,,00015,2025-12-06T07:00:12.291,PME,2023,,3,,,RUE,EUGENE CLAMARAN,97354,REMIRE-MONTJOLY,,97309,,,973090138_B,359032.12826204556,543669.4626586904,A,,,,,43.22A,NAFRev2,O,43.22G
817942477,00016,81794247700016,O,2016-01-01,NN,,4322AZ,2025-12-06T00:42:31.015,true,A,O,,2016-01-01,5710,2B SERVICES,,,,,,,,,,,43.22A,NAFRev2,,,,NN,,00016,2025-12-06T08:54:53.592,PME,2023,ENS VILLA N° 4 LOT BALISIERS 1,,,,,LES BALISIERS,97354,REMIRE MONTJOLY,,97309,,,97309B025_C,,,A,,,,,43.22A,NAFRev2,N,43.22G
819225699,00019,81922569900019,O,2016-03-14,NN,,,2025-12-05T16:07:48.632,true,A,O,,2016-03-14,5710,ATELIER PLOMBERIE CERAMIQUE MULTI SERVICES,A.P.C.,,,,,,,,,,43.22A,NAFRev2,,,,NN,,00019,2025-12-06T08:14:13.716,PME,2023,,47,,,AVENUE,DE MONTRAVEL,97354,REMIRE-MONTJOLY,,97309,,,973090059_B,360068.1967864606,542891.1100948676,A,,,,,43.22A,NAFRev2,N,43.22G
819412420,00021,81941242000021,O,2020-09-15,NN,,4322AZ,2025-12-05T22:17:45.854,true,A,O,,2016-04-01,1000,,,M,BOYER,,DAVID,FREDERIC,,,DAVID,,43.22A,NAFRev2,,,,NN,,00021,2025-12-06T11:03:58.672,PME,2023,LOT FC03 RESIDENCE BUTTERFLY,12,,,ALLEE,ESPERANZA,97354,REMIRE-MONTJOLY,,97309,,,973090434_B,357918.81481147313,543074.974740199,A,,,,PAZ,43.22A,NAFRev2,N,43.22G
819620204,00035,81962020400035,O,2025-11-20,NN,,,2025-10-20T19:26:00.233,true,A,O,,2016-05-02,1000,,,M,ELIGENE,,ALEXANDRE,,,,ALEXANDRE,,43.22A,NAFRev2,,,,NN,,00035,2025-12-08T16:57:58.814,,,,6,,,RUE,KASE KO,97351,MATOURY,,97307,,,973070304_B,351088.54,540393.59,A,,,,G.P.R SERVICES,43.22A,NAFRev2,N,43.22G
819975459,00010,81997545900010,O,2016-04-01,02,2023,4322AZ,2025-12-05T17:08:23.631,true,A,O,,2016-04-01,5710,PLOMB'EXPERT,,,,,,,,,,,43.22A,NAFRev2,,,,02,2023,00010,2025-12-06T10:24:26.693,PME,2023,,45,,,AVENUE,LEONARD DOMERGER,97370,MARIPASOULA,,97353,,,973530024_B,163155.1484358142,403331.14630203525,A,,,,,43.22A,NAFRev2,O,43.22G
820410041,00017,82041004100017,O,2016-04-01,03,2023,4322AZ,2025-12-05T20:23:03.199,true,A,O,,2016-04-01,5710,E-KEAU-PLOMBERIE,,,,,,,,,,,43.22A,NAFRev2,,N,,03,2023,00017,2025-12-06T08:28:26.521,PME,2023,HANGAR N5 - Z I DE PARIACABO,,,,RUE,MARCEL DASSAULT,97310,KOUROU,,97304,,,973040169_B,315120.67582399363,569920.8716259009,A,,,,,43.22A,NAFRev2,O,43.22G
821972023,00021,82197202300021,O,2019-02-20,NN,,4322AZ,2025-12-06T01:33:48.612,true,A,O,,2016-05-20,5710,VITO PLOMB & VRD,,,,,,,,,,,43.22A,NAFRev2,,N,,NN,,00021,2025-12-06T08:55:00.68,PME,2023,,9,,,RUE,DES ACACIAS,97350,IRACOUBO,,97303,,,973030011_B,255298.62765043363,605690.8554296473,A,,,,SAS VITO PLOMB & VRD,43.22A,NAFRev2,O,43.22G
822081709,00013,82208170900013,O,2016-08-01,NN,,4322AZ,2025-12-05T17:59:42.043,true,A,O,,2016-08-01,5499,PLOMBERIE GENERALE DE GUYANE,P.G.G,,,,,,,,,,43.22A,NAFRev2,,N,,NN,,00013,2025-12-06T07:02:09.62,PME,2023,CITE PASTEUR,2,,,RUE,GONFOLO,97300,CAYENNE,,97302,,,973020384_B,354293.878976709,546046.7633442427,A,,,,,43.22A,NAFRev2,O,43.22G
827917428,00027,82791742800027,O,2018-06-01,01,2023,4322AZ,2025-12-05T20:15:23.076,true,A,O,,2017-01-23,5710,D E P S C,,,,,,,,,,,43.22A,NAFRev2,,,,01,2023,00027,2025-12-06T11:01:26.485,PME,2023,RTE DE CABASSOU,4,,,LOTISSEMENT,CALIMBE I,97300,CAYENNE,,97302,,,97302A073_B,354302.90634369676,543931.589008,A,,,,,43.22A,NAFRev2,N,43.22G
828379453,00024,82837945300024,O,2021-08-10,NN,,4322AZ,2025-12-06T04:47:03.633,true,A,O,,2017-03-15,5499,AS PLOMBERIE,,,,,,,,,,,43.22A,NAFRev2,,N,,NN,,00024,2025-12-06T09:30:39.051,PME,2023,CHEMIN MORTIUM,26,,,RESIDENCE,LA LEVEE,97351,MATOURY,,97307,,,97307b076_B,353071.8117631107,535184.0136736211,A,,,,,43.22A,NAFRev2,N,43.22G
829585439,00013,82958543900013,O,2017-05-02,NN,,4322AZ,2025-12-05T22:43:33.73,true,A,O,,2017-05-02,1000,,,M,GERVAIS,,JEAN NIXON,,,,JEAN NIXON,,43.22A,NAFRev2,,,,NN,,00013,2025-12-06T07:28:55.164,PME,2023,,17,,,RUE,VICTOR HUGO,97320,SAINT-LAURENT-DU-MARONI,,97311,,,973110225_B,164357.15174841846,608977.2520211494,A,,,,JEAN NIXON PLOMBERIE ELECTRICITE,43.22A,NAFRev2,N,43.22G
829827641,00012,82982764100012,O,2017-05-01,01,2023,4322AZ,2025-12-06T00:33:41.413,true,A,O,,2017-05-01,5710,BAA PLOMBERIE,,,,,,,,,,,43.22A,NAFRev2,,N,,01,2023,00012,2025-12-06T07:12:30.828,PME,2023,,26,,,RUE,DANIEL-GASTON DARQUITAIN,97320,SAINT-LAURENT-DU-MARONI,,97311,,,973110038_B,164811.7,609150.95,A,,,,B2A GUYANE (PLOMBERIE - CLIMATISATION - EAU CHAUDE SOLAIRE ET THERMODYNAMIQUE),43.22A,NAFRev2,O,43.22G
830421723,00016,83042172300016,O,2017-06-20,02,2023,4322AZ,2025-12-06T04:10:28.85,true,A,O,,2017-06-20,5499,GASSON PRO SANITAIRE,,,,,,,,,,,43.22A,NAFRev2,,,,02,2023,00016,2025-12-06T09:25:37.814,PME,2023,,44,,,RUE,SIMON,97320,SAINT-LAURENT-DU-MARONI,,97311,,,973110180_B,164222.18504001072,608610.53675526,A,,,,I.R.D. SANITAIRE,43.22A,NAFRev2,O,43.22G
830472619,00030,83047261900030,O,2023-08-24,11,2023,,2025-12-06T03:13:42.706,true,A,O,,2017-06-26,5710,PLOMB TECH,,,,,,,,,,,43.22A,NAFRev2,,O,,11,2023,00030,2025-12-06T05:25:40.102,PME,2023,,10,,,LOTISSEMENT,ZONE ARTISANALE GALMOT,97300,CAYENNE,,97302,,,97302a497_B,352822.20398662775,545102.1157177525,A,,,,,43.22A,NAFRev2,N,43.22G
830532966,00017,83053296600017,O,2017-07-03,NN,,,2025-12-05T16:06:43.551,true,A,O,,2017-07-03,5710,RAPID PLOMBERIE,,,,,,,,,,,43.22A,NAFRev2,,,,NN,,00017,2025-12-06T09:04:24.062,PME,2023,RTE DE RABAN,6,,,LOTISSEMENT,VICTOR,97300,CAYENNE,,97302,,,97302a490_B,354434.01055850775,544958.3921935445,A,,,,,43.22A,NAFRev2,N,43.22G
832022644,00013,83202264400013,O,2017-09-14,NN,,4322AZ,2025-12-06T00:10:37.127,true,A,O,,2017-09-14,5710,D.G.S,,,,,,,,,,,43.22A,NAFRev2,,,,NN,,00013,2025-12-06T11:02:46.512,PME,2023,CITE BONHOMME,22,,,AVENUE,DES FLAMBOYANTS,97300,CAYENNE,,97302,,,973020304_B,353542.0600454854,544277.9505841715,A,,,,,43.22A,NAFRev2,N,43.22G
832028997,00019,83202899700019,O,2017-09-18,00,2023,4322AZ,2025-12-05T18:30:30.219,true,A,O,,2017-09-18,5710,GENERAL PLOMBERIE,,,,,,,,,,,43.22A,NAFRev2,,,,00,2023,00019,2025-12-06T08:57:04.419,PME,2023,PARCELLE 107,2,,,ALLEE,DU FLEUVE,97310,KOUROU,,97304,,,973040687_B,318363.92956177134,570117.9283099358,A,,,,GENERAL PLOMBERIE,43.22A,NAFRev2,O,43.22G
832289029,00015,83228902900015,O,2017-08-01,01,2023,4322AZ,2025-12-05T17:38:30.099,true,A,O,,2017-08-01,5499,MS PLOMBERIE & RENOVATION,,,,,,,,,,,43.22A,NAFRev2,,,,01,2023,00015,2025-12-06T07:22:34.663,PME,2023,CITE BONHOMME,31,,,CITE,JEAN FRANCOIS,97300,CAYENNE,,97302,,,97302A231_B,354024.4765336595,544679.2425486929,A,,,,,43.22A,NAFRev2,O,43.22G
833182330,00039,83318233000039,O,2025-10-13,NN,,,2025-10-15T09:53:03.26,true,A,O,,2017-10-10,1000,,,M,VIEIRA DE SOUSA,,DINALDO,,,,DINALDO,,43.22A,NAFRev2,,,,NN,,00039,2025-10-15T09:53:03.265,PME,2023,,3,,,CITE,N ZILA,97300,CAYENNE,,97302,,,97302A340_C,,,A,,,,DINO DEPAN,43.22A,NAFRev2,N,43.22G
838130656,00013,83813065600013,O,2017-12-11,NN,,4322AZ,2025-12-05T20:20:22.354,true,A,O,,2017-12-11,5710,FEL MAINTENANCE,FEL.M,,,,,,,,,,43.22A,NAFRev2,,N,,NN,,00013,2025-12-06T08:09:29.229,PME,2023,,485,,,ROUTE,NATIONALE 1,97355,MACOURIA,,97305,,,973050011_B,343736.50321657036,545544.8115250089,A,,,,FEL MAINTENANCE SASU,43.22A,NAFRev2,O,43.22G
838588192,00016,83858819200016,O,2018-04-04,NN,2023,4322AZ,2025-12-05T19:07:27.629,true,A,O,,2018-04-04,5710,SASU GUYANE PLOMBERIE SANITAIRE,SASU GPS,,,,,,,,,,43.22A,NAFRev2,,,,NN,2023,00016,2025-12-06T10:34:29.248,PME,2023,,1762,B,,CHE,DE LA LEVEE,97351,MATOURY,,97307,,,973070037_C,,,A,SASU GUYANE PLOMBERIE SANITAIRE,,,,43.22A,NAFRev2,N,43.22G
840476840,00011,84047684000011,O,2018-05-07,NN,,,2025-12-06T04:21:25.865,true,A,O,,2018-05-07,5710,SASU POLY BAT,,,,,,,,,,,43.22A,NAFRev2,,,,NN,,00011,2025-12-06T07:15:10.209,PME,2023,ROUTE DE MONTABO,18,,,LOTISSEMENT,JEAN BAPTISTE EDOUARD,97300,CAYENNE,,97302,,,97302A229_B,356233.52218314883,545935.1554580356,A,,,,,43.22A,NAFRev2,N,43.22G
840979439,00014,84097943900014,O,2018-07-02,NN,,4322AZ,2025-12-05T16:18:01.466,true,A,O,,2018-07-02,1000,,,M,BAILEY,,WINSTON,,,,WINSTON,,43.22A,NAFRev2,,,,NN,,00014,2025-12-06T08:47:50.775,PME,2023,ENSEMBLE BOUGAINVILLIER,9,,,ALLEE,DES CASSIALATAS,97320,SAINT-LAURENT-DU-MARONI,,97311,,,973110462_B,163840.75197934092,608244.9605736393,A,ADP,,,ASSISTANCE DEPANNAGE PLOMBERIE,43.22A,NAFRev2,N,43.22G
841007941,00021,84100794100021,O,2023-05-01,NN,,4322AZ,2025-12-06T04:06:19.63,true,A,O,,2018-04-01,5710,EXPRESS DEPANNAGES,,,,,,,,,,,43.22A,NAFRev2,,N,,NN,,00021,2025-12-06T08:31:18.019,PME,2023,,,,,IMPASSE,LOUIS LANCET,97351,MATOURY,,97307,,,973070829_B,352607.98480482755,534788.0922125542,A,,,,,43.22A,NAFRev2,N,43.22G
841657877,00012,84165787700012,O,2018-04-02,NN,,4322AZ,2025-12-19T13:17:54.392,true,A,O,,2018-04-02,5710,SASU MAX'I' PLOMBERIE,,,,,,,,,,,43.22A,NAFRev2,,,,NN,,00012,2025-12-06T08:42:27.732,PME,2023,,35,,,LOTISSEMENT,AQUAVILLA,97351,MATOURY,,97307,,,97307A044_B,354137.5666971371,539014.2050494199,A,,,,,43.22A,NAFRev2,N,43.22G
841996358,00013,84199635800013,O,2018-09-01,02,2023,4322AZ,2025-12-05T16:03:53.908,true,A,O,,2018-09-01,5710,TBM,,,,,,,,,,,43.22A,NAFRev2,,,,02,2023,00013,2025-12-06T09:26:28.962,PME,2023,,5120,,,AVENUE,CHRISTOPHE COLOMB,97320,SAINT-LAURENT-DU-MARONI,,97311,,,973110032_B,163262.53523387946,606217.8277587154,A,,,,,43.22A,NAFRev2,O,43.22G
842547101,00027,84254710100027,O,2021-01-06,01,2023,4322AZ,2025-12-05T16:45:53.009,true,A,O,,2018-09-25,1000,,,M,VALCIN,,MACKENDY,,,,MACKENDY,,43.22A,NAFRev2,,,,01,2023,00027,2025-12-06T07:03:12.553,PME,2023,RES JADE BAT C1,,,,RUE,DE LA RENARDIERE,97310,KOUROU,,97304,,,973040530_C,,,A,,,,PLOMB VALS,43.22A,NAFRev2,O,43.22G
842626384,00023,84262638400023,O,2024-05-01,NN,,,2025-12-05T23:21:52.449,true,A,O,,2018-09-19,5499,AQUASUN,,,,,,,,,,,43.22A,NAFRev2,,N,,03,2023,00023,2025-12-06T05:23:57.042,PME,2023,,4,,,LOTISSEMENT,DES ALAMANDAS,97354,REMIRE-MONTJOLY,,97309,,,97309a008_B,358820.54,541159.8,A,,,,,43.22A,NAFRev2,O,43.22G
842846388,00010,84284638800010,O,2018-10-04,NN,,4322AZ,2025-12-05T18:46:44.494,true,A,O,,2018-10-04,1000,,,M,DEMONT,,REYNALD,FRANCIS,HECTOR,,REYNALD,,43.22A,NAFRev2,,,,NN,,00010,2025-12-06T11:15:02.277,PME,2023,,36,,,CHEMIN,LEO,97354,REMIRE-MONTJOLY,,97309,,,973090157_B,359001.58351584896,540604.7538109219,A,,,,RD PLOMBERIE,43.22A,NAFRev2,N,43.22G
844126722,00017,84412672200017,O,2018-11-26,NN,,4322AZ,2025-12-06T04:59:50.582,true,A,O,,2018-11-26,1000,,,M,SINTIL,,ALAIN,,,,ALAIN,,43.22A,NAFRev2,,,,NN,,00017,2025-12-06T07:07:34.828,PME,2023,HAMEAU DES ENCENS,47,,,RUE,DU SANTAL,97354,REMIRE-MONTJOLY,,97309,,,973090374_B,356088.26,543431.99,A,,,,D.P.C.E MULTI-SERVICES,43.22A,NAFRev2,O,43.22G
844583484,00010,84458348400010,O,2018-12-12,NN,,4322AZ,2025-12-05T15:52:07.435,true,A,O,,2018-12-12,5710,OR MARONI PLOMBERIE,,,,,,,,,,,43.22A,NAFRev2,,N,,NN,,00010,2025-12-06T06:28:32.74,PME,2023,,8,,,AVENUE,PAUL CASTAING,97320,SAINT-LAURENT-DU-MARONI,,97311,,,973119977_B,164540.65157648444,605693.7519006744,A,,,,OR MARONI PLOMBERIE,43.22A,NAFRev2,O,43.22G
845383330,00048,84538333000048,O,2024-10-31,NN,,,2025-12-05T17:12:22.43,true,A,O,,2019-02-01,1000,,,M,MOGES,,LAURENT,RENE,,,LAURENT,,43.22A,NAFRev2,,,,NN,,00048,2025-12-06T10:51:17.202,PME,2023,,945,B,,ROUTE,DE BADUEL,97300,CAYENNE,,97302,,,973020100_B,354615.73,545560.85,A,,,,LM PLOMB 973,43.22A,NAFRev2,N,43.22G
848708897,00014,84870889700014,O,2019-02-09,02,2023,4322AZ,2025-12-05T16:14:26.891,true,A,O,,2019-02-09,5710,SRJ PLOMBERIE,,,,,,,,,,,43.22A,NAFRev2,,N,,02,2023,00014,2025-12-06T08:56:34.646,PME,2023,CITE BALATA OUEST,5,,,RUE,DE LA BOULANGERE,97351,MATOURY,,97307,,,973070322_B,351171.5522315431,540365.0088798163,A,,,,,43.22A,NAFRev2,O,43.22G
849207105,00016,84920710500016,O,2019-03-18,NN,,4322AZ,2025-12-06T04:14:46.458,true,A,O,,2019-03-18,5710,SAS BATIACTION PRO,,,,,,,,,,,43.22A,NAFRev2,,N,,NN,,00016,2025-12-06T06:01:26.088,PME,2023,,3,,,AVENUE,DES 2 LACS,97310,KOUROU,,97304,,,973040365_B,316951.80779748235,570831.9724889139,A,,,,,43.22A,NAFRev2,O,43.22G
849497755,00033,84949775500033,O,2023-09-01,NN,,,2025-12-05T22:28:45.97,true,A,O,,2019-03-13,5710,PLOMB ECO DEPANNAGE,,,,,,,,,,,43.22A,NAFRev2,,N,,11,2023,00033,2025-12-06T05:13:30.195,PME,2023,14 R DES LIBELLULES-ZI COLLERY 4,,,,LOT,COLLERY IV,97300,CAYENNE,,97302,,,,,,A,,,,,43.22A,NAFRev2,O,43.22H
849614771,00012,84961477100012,O,2019-04-15,NN,,4322AZ,2025-12-05T18:08:28.25,true,A,O,,2019-04-15,1000,,,M,TIENOR,,PIERRE,ANDRE,,,PIERRE,,43.22A,NAFRev2,,,,NN,,00012,2025-12-06T08:39:02.108,PME,2023,,25,,,RUE,MONTRAVEL,97320,SAINT-LAURENT-DU-MARONI,,97311,,,973110115_B,164409.75081842107,609025.3592922431,A,,,,TI CO PLOMBERIE,43.22A,NAFRev2,N,43.22G
852203801,00018,85220380100018,O,2019-07-01,NN,,4322AZ,2025-12-06T01:11:32.874,true,A,O,,2019-07-01,1000,,,M,HIRAM,,MARCELLIN,,,,MARCELLIN,,43.22A,NAFRev2,,,,NN,,00018,2025-12-06T11:31:54.17,PME,2023,2434 RTE DE BADUEL ENT A APPT A25,,,,ROUTE,DE BADUEL,97300,CAYENNE,,97302,,,973020100_B,355108.4931419572,545249.8490444426,A,,,,,43.22A,NAFRev2,N,43.22G
852469782,00019,85246978200019,O,2019-07-16,00,2023,4322AZ,2025-12-05T20:20:40.301,true,A,O,,2019-07-16,5710,DPEG,,,,,,,,,,,43.22A,NAFRev2,,N,,00,2023,00019,2025-12-06T05:49:41.777,PME,2023,CITE PASTEUR,8,,,RUE,DE L'EBENE,97300,CAYENNE,,97302,,,973020256_B,354295.0839079139,545926.9057446042,A,,,,,43.22A,NAFRev2,O,43.22G
852553064,00019,85255306400019,O,2019-07-17,01,2023,4322AZ,2025-12-05T20:27:35.179,true,A,O,,2019-07-17,5710,DOCTEUR PLOMBIER,,,,,,,,,,,43.22A,NAFRev2,,N,,01,2023,00019,2025-12-06T08:07:33.968,PME,2023,,,,,CHEMIN,DE PARAMANA,97351,MATOURY,,97307,,,973070802_B,351659.6785946813,532580.3578097678,A,,,,,43.22A,NAFRev2,O,43.22G
852764232,00025,85276423200025,O,2021-01-28,NN,,4322AZ,2025-12-05T17:25:11.97,true,A,O,,2019-09-02,1000,,,M,JEAN PHILIPPE,,GUERDY-RONY,,,,GUERDY-RONY,,43.22A,NAFRev2,,,,NN,,00025,2025-12-06T06:05:22.227,PME,2023,,3,,,RUE,DES PAREPOUS,97355,MACOURIA,,97305,,,973050790_B,341394.5819157165,547169.6983905999,A,,,,JP PLOMBERIE 973,43.22A,NAFRev2,N,43.22G
852838416,00018,85283841600018,O,2019-08-01,NN,,4322AZ,2025-12-05T16:50:36.708,true,A,O,,2019-08-01,1000,,,M,LAMBRE,,BRIERE,,,,BRIERE,,43.22A,NAFRev2,,,,NN,,00018,2025-12-06T05:41:46.95,PME,2023,RESIDENCE LES ECOLES 5,41,,,ALLEE,DENIS DIDEROT,97320,SAINT-LAURENT-DU-MARONI,,97311,,,973110488_B,164216.416389291,606551.1779593714,A,,,,BOO PLOMBERIE,43.22A,NAFRev2,N,43.22G
878894278,00018,87889427800018,O,2019-11-13,NN,,4322AZ,2025-12-05T17:51:56.719,true,A,O,,2019-11-13,1000,,,M,BONHOMME,,DIONEL,,,,DIONEL,,43.22A,NAFRev2,,,,NN,,00018,2025-12-06T06:23:54.885,PME,2023,,22,,,FAUBOURG,L'ABRI,97300,CAYENNE,,97302,,,97302b057_B,353406.8851428336,545736.0555971576,A,,,,BONHOMME PLOMBERIE,43.22A,NAFRev2,N,43.22G
879396166,00016,87939616600016,O,2019-12-26,NN,,4322AZ,2025-12-06T00:17:22.582,true,A,O,,2019-12-26,1000,,,M,DAUDIER,,CHARLEMAGNE,,,,CHARLEMAGNE,,43.22A,NAFRev2,,,,NN,,00016,2025-12-06T10:14:26.891,PME,2023,,1,,,RUE,EUGENE RAPHAELI,97351,MATOURY,,97307,,,973070852_B,352340.2477587784,535750.77931881,A,,,,LEMAGNE PLOMBERIE,43.22A,NAFRev2,N,43.22G
880862115,00016,88086211500016,O,2020-01-20,11,2023,4321AB,2025-12-06T01:34:34.226,true,A,O,,2020-01-20,5710,PLOMB'IMMO GUYANE,,,,,,,,,,,43.22A,NAFRev2,,N,,11,2023,00016,2025-12-06T09:28:05.17,PME,2023,N 02 IMPASSE LANCET,,,,CHEMIN,MORTHIUM,97351,MATOURY,,97307,,,973070737_B,352589.6516071549,535394.4824592199,A,,,,,43.22A,NAFRev2,O,43.22G
881564868,00027,88156486800027,O,2021-10-04,NN,,4322AZ,2025-12-06T00:26:04.533,true,A,O,,2020-01-21,5499,PRO PLOMBERIE GUYANE,,,,,,,,,,,43.22A,NAFRev2,,N,,NN,,00027,2025-12-06T06:48:48.406,PME,2023,LOTISSEMENT THEPHROSIA,24,,,RUE,DES NIVREES,97351,MATOURY,,97307,,,973070889_B,349798.0603190805,530221.3940785483,A,PRO PLOMBERIE GUYANE,,,PRO PLOMBERIE GUYANE,43.22A,NAFRev2,N,43.22G
882301997,00012,88230199700012,O,2020-03-09,01,2023,4322AZ,2025-12-05T17:50:57.65,true,A,O,,2020-03-09,5710,SASU PLOMBERIE DANTIN,,,,,,,,,,,43.22A,NAFRev2,,N,,01,2023,00012,2025-12-06T07:59:20.801,PME,2023,LES ECARTS DE LA DESIREE,4,,,IMPASSE,TATOU,97351,MATOURY,,97307,,,973070939_B,351421.5320409305,536792.9270892091,A,,,,,43.22A,NAFRev2,O,43.22G
889078598,00014,88907859800014,O,2020-08-13,NN,,4322AZ,2025-12-05T19:20:41.191,true,A,O,,2020-08-13,5710,PLOMBERIE PELEGE GUYANE,2PG,,,,,,,,,,43.22A,NAFRev2,,N,,NN,,00014,2025-12-06T09:05:37.517,PME,2023,COGNEAU LAMIRANDE,15,,,RUE,CAIMITE,97351,MATOURY,,97307,,,973070924_B,354359.4873229911,539697.1888801677,A,2PG SASU,,,PLOMBERIE PELEGE GUYANE SASU,43.22A,NAFRev2,O,43.22G
890403108,00016,89040310800016,O,2020-10-08,NN,,,2025-12-05T20:53:24.399,true,A,O,,2020-10-08,1000,,,M,SIMPLICE,,JEAN JUNIOR,,,,JEAN JUNIOR,,43.22A,NAFRev2,,,,NN,,00016,2025-12-06T06:08:57.158,PME,2023,,22,,,ROUTE,NATIONALE 1,97355,MACOURIA,,97305,,,973050011_B,339781.76700483786,550815.4901105877,A,,,,SIMPLICITE SERVICE,43.22A,NAFRev2,N,43.22G
893554782,00019,89355478200019,O,2021-03-01,NN,,4322BA,2025-12-05T17:18:33.222,true,A,O,,2021-03-01,1000,,,M,NELSON,,MAKENNDY,,,,MAKENNDY,,43.22A,NAFRev2,,,,NN,,00019,2025-12-06T06:53:45.211,PME,2023,,149,,,CHEMIN,MELISSE,97351,MATOURY,,97307,,,973070888_B,352393.6576176668,529473.1815286559,A,,,,MLN PLOMBERIE,43.22A,NAFRev2,N,43.22G
893653659,00019,89365365900019,O,2021-02-08,NN,,4322AZ,2025-12-06T00:37:11.208,true,A,O,,2021-02-08,1000,,,M,AMALENSIE,,ALENA,,,,ALENA,,43.22A,NAFRev2,,,,NN,,00019,2025-12-06T08:41:11.006,PME,2023,BAT 8A-2 1 APPT 03 LOG 226-7,27,,,RUE,L ACAROUANI RES BOUGAINVILLEE,97355,MACOURIA,,97305,,,,,,A,,,,SERVICE PLOMB,43.22A,NAFRev2,N,43.22G
893659029,00019,89365902900019,O,2021-02-01,NN,,4322AZ,2025-12-05T17:53:04.098,true,A,O,,2021-02-01,1000,,,M,SHEIKBOUDHOU,,PIERRE,,,,PIERRE,,43.22A,NAFRev2,,,,NN,,00019,2025-12-06T06:40:54.917,PME,2023,LOTISSEMENT MAILLARD,5,,,IMPASSE,DES LUCIOLES,97355,MACOURIA,,97305,,,973050115_B,340121.82702678256,549676.1690601116,A,,,,JS PLOMBERIE,43.22A,NAFRev2,N,43.22G
893661009,00017,89366100900017,O,2021-03-01,01,2023,4322AZ,2025-12-05T17:09:32.192,true,A,O,,2021-03-01,5710,M.D.SOLUTIONS,M.D.S.,,,,,,,,,,43.22A,NAFRev2,,N,,01,2023,00017,2025-12-06T10:10:58.655,PME,2023,LOT BOUGAINVILLIERS,8,,,RUE,DES SURETTES,97354,REMIRE-MONTJOLY,,97309,,,973090308_B,358056.5176332446,540502.5054310313,A,,,,MD SOLUTION,43.22A,NAFRev2,O,43.22G
894767391,00028,89476739100028,O,2024-09-23,NN,,,2025-12-05T21:33:05.071,true,A,O,,2021-02-20,1000,,,M,KWADJANI,,HENRI,KISION,,,HENRI,,43.22A,NAFRev2,,,,NN,,00028,2025-12-06T05:20:11.723,PME,2023,RESIDENCE SAINT MARTIN,6,,,RUE,DES ATIPAS,97300,CAYENNE,,97302,,,973020091_B,355979.97,543747.75,A,,,,,43.22A,NAFRev2,N,43.22G
897452082,00018,89745208200018,O,2021-03-08,00,2023,,2025-12-05T22:43:31.105,true,A,O,,2021-03-08,5710,FLAM ENTREPRISE,,,,,,,,,,,43.22A,NAFRev2,,N,,00,2023,00018,2025-12-06T06:02:11.66,PME,2023,,11,,,LOT,L ORANGERAIE,97355,MACOURIA,,97305,,,,,,A,,,,FLAM ENTREPRISE,43.22A,NAFRev2,N,43.22G
898544549,00014,89854454900014,O,2021-03-17,NN,2023,4322AZ,2025-12-05T15:55:58.12,true,A,O,,2021-03-17,5710,VERT D EAU PLOMBERIE,,,,,,,,,,,43.22A,NAFRev2,,N,,NN,2023,00014,2025-12-06T10:00:52.681,PME,2023,LA CARAPA,22,,,LOTISSEMENT,GARIN,97356,MONTSINERY-TONNEGRANDE,,97313,,,97313A005_B,338614.54513757926,547000.8112671266,A,,,,VERT D' EAU PLOMBERIE,43.22A,NAFRev2,N,43.22G
901305839,00010,90130583900010,O,2021-05-28,NN,,,2025-12-05T16:03:27.461,true,A,O,,2021-05-28,5499,G2K SERVICES BAT,,,,,,,,,,,43.22A,NAFRev2,,N,,NN,,00010,2025-12-06T06:29:17.526,PME,2023,STOUPAN,,,,CHEMIN,MOGES,97351,MATOURY,,97307,,,973070042_B,351715.1438209884,529121.2356606231,A,,,,,43.22A,NAFRev2,N,43.22G
902071588,00013,90207158800013,O,2021-08-16,NN,,4322AZ,2025-12-05T23:52:39.911,true,A,O,,2021-08-16,1000,,,M,ABEYA,,MELLIANO,,,,MELLIANO,,43.22A,NAFRev2,,,,NN,,00013,2025-12-06T10:01:31.982,PME,2023,,1,,,ALLEE,DES GLYCERIAS,97320,SAINT-LAURENT-DU-MARONI,,97311,,,973110298_B,165564.31587993808,607287.0290016423,A,,,,MELLIANO PLOMBERIE,43.22A,NAFRev2,N,43.22G
902215557,00015,90221555700015,O,2021-02-01,NN,,4322AZ,2025-12-05T16:34:53.8,true,A,O,,2021-02-01,5710,LAWA PLOMBELEC,,,,,,,,,,,43.22A,NAFRev2,,N,,NN,,00015,2025-12-06T08:48:05.149,PME,2023,,5,B,,,LALAYMIA ABDALLAH,97370,MARIPASOULA,,97353,,,,,,A,LAWA PLOMBELEC,,,LAWA PLOMBELEC,43.22A,NAFRev2,N,43.22G
902609346,00017,90260934600017,O,2021-08-01,NN,,4322AZ,2025-12-05T20:22:45.81,true,A,O,,2021-08-01,5710,TOP PLOMBERIE GUYANE,TPG,,,,,,,,,,43.22A,NAFRev2,,N,,NN,,00017,2025-12-06T07:26:52.582,PME,2023,CITE FLORE ROUTE DE SAINT MAURICE,11,,,ALLEE,DES ROSES,97320,SAINT-LAURENT-DU-MARONI,,97311,,,973110284_B,164373.11228271725,607376.5089240387,A,,,,TOP PLOMBERIE GUYANE,43.22A,NAFRev2,N,43.22G
902771856,00033,90277185600033,O,2025-03-11,NN,,,2025-12-05T17:07:44.772,true,A,O,,2021-08-31,1000,,,M,ALVES FERREIRA,,TIMOTHE,MARIO,,,TIMOTHE,,43.22A,NAFRev2,,,,NN,,00033,2025-12-06T06:31:56.898,PME,2023,RESIDENCE ARC EN CIEL,9,,,RUE,GIROFLIER,97354,REMIRE-MONTJOLY,,97309,,,973090213_B,357446.4,541053.52,A,,,,ATF BATISERVICES,43.22A,NAFRev2,N,43.22G
903064632,00016,90306463200016,O,2021-08-21,00,2023,4322AZ,2025-12-06T04:14:18.898,true,A,O,,2021-08-21,5710,ACTIF BTP,,,,,,,,,,,43.22A,NAFRev2,,N,,00,2023,00016,2025-12-06T09:25:38.344,PME,2023,,2919,,,ROUTE,DE STOUPAN,97351,MATOURY,,97307,,,973070045_B,350435.20616665063,529050.2107796018,A,,,,ACTIF BTP,43.22A,NAFRev2,O,43.22G
903850766,00028,90385076600028,O,2022-03-01,NN,,4322AZ,2025-12-05T20:53:24.422,true,A,O,,2021-11-05,1000,,,M,CHARLES,,YVENS,,,,YVENS,,43.22A,NAFRev2,,,,NN,,00028,2025-12-06T10:12:36.665,PME,2023,BELLE HUMEUR VILLA 24,28,,,RUE,DES OUYANOS,97355,MACOURIA,,97305,,,973050809_B,346212.7453690689,543778.6618737518,A,,,,C AND G MULTI-SERVICES,43.22A,NAFRev2,N,43.22G
904534914,00018,90453491400018,O,2021-09-21,03,2023,,2025-12-06T03:06:11.655,true,A,O,,2021-09-21,5499,HVC PLOMBERIE,HVC PLOMBERIE,,,,,,,,,,43.22A,NAFRev2,,N,,03,2023,00018,2025-12-06T05:43:38.838,PME,2023,LAMIRANDE,95,,,RUE,DE LA CANNERAIE,97351,MATOURY,,97307,,,973070755_B,351950.98104267655,539134.26921523,A,,,,HVC PLOMBERIE,43.22A,NAFRev2,O,43.22G
905143913,00010,90514391300010,O,2021-10-01,NN,,4322AZ,2025-12-19T13:18:28.429,true,A,O,,2021-10-01,5710,ERIC MONTET PLOMBERIE GENERALE,EMPG,,,,,,,,,,43.22A,NAFRev2,,N,,NN,,00010,2025-12-06T07:06:52.616,PME,2023,BOURG DE MONTSINERY,5,,,BRG,DE MONTSINERY,97356,MONTSINERY-TONNEGRANDE,,97313,,,97313B040_B,334475.6770633701,541112.7582216868,A,EMPG,,,ERIC MONTET PLOMBERIE GENERALE,43.22A,NAFRev2,N,43.22G
907754436,00042,90775443600042,O,2025-10-24,NN,,,2025-10-27T12:25:59.574,true,A,O,,2021-12-06,1000,,,M,ALEXIS,,HAROLD,TULLINS,PAULIN,,HAROLD,,43.22A,NAFRev2,,,,NN,,00042,2025-12-06T07:26:07.447,PME,2023,BALATA OUEST,7,,,RUE,DEBOTE,97351,MATOURY,,97307,,,973070334_B,350995.18,540234.45,A,,,,,43.22A,NAFRev2,N,43.22G
908386568,00012,90838656800012,O,2021-11-01,01,2023,4322AZ,2025-12-05T16:39:33.997,true,A,O,,2021-11-01,5710,SAS J.M.G. PLOMBERIE,,,,,,,,,,,43.22A,NAFRev2,,N,,01,2023,00012,2025-12-06T05:42:53.568,PME,2023,,2589,,,ROUTE,DE MONTABO,97300,CAYENNE,,97302,,,97302bf08_B,356087.9907751775,545914.9842790015,A,,,,SAS JMG PLOMBERIE,43.22A,NAFRev2,O,43.22G
908936099,00013,90893609900013,O,2022-02-03,NN,,4322BA,2025-12-05T15:59:05.543,true,A,O,,2022-02-03,1000,,,M,BAGUI,,KENAN,JEAN CLAUDE,,,KENAN,,43.22A,NAFRev2,,,,NN,,00013,2025-12-06T10:51:53.435,PME,2023,,574,,,ROUTE,DE MANGO,97300,CAYENNE,,97302,,,973020680_B,354113.5254925025,545072.3557485539,A,,,,FROID GENERAL JEAN CLAUDE,43.22A,NAFRev2,N,43.22G
911998334,00013,91199833400013,O,2022-04-04,NN,,4322BA,2025-12-05T23:11:42.512,true,A,O,,2022-04-04,1000,,,M,MAIGNAN,,CHRISTOPHE,,,,CHRISTOPHE,,43.22A,NAFRev2,,,,NN,,00013,2025-12-06T07:23:20.07,PME,2023,,3,,,RUE,LOUIS APPOLON,97350,IRACOUBO,,97303,,,973030050_B,255672.13683033755,606185.4031815121,A,,,,CHRIS CLIMATISATION GUYANE,43.22A,NAFRev2,N,43.22G
912058633,00013,91205863300013,O,2022-04-01,NN,,4322AZ,2025-12-06T04:12:48.405,true,A,O,,2022-04-01,1000,,,M,DOLINNI,,FRANCIS,,,,FRANCIS,,43.22A,NAFRev2,,,,NN,,00013,2025-12-06T08:24:00.145,PME,2023,DOMAINE SAINT JEAN ENT BAT L APP 57,6989,,,AVENUE,CHRISTOPHE COLOMB,97320,SAINT-LAURENT-DU-MARONI,,97311,,,973110032_B,163262.53523387946,606217.8277587154,A,,,,DLI PLOMBERIE,43.22A,NAFRev2,N,43.22G
912745213,00013,91274521300013,O,2022-04-13,NN,,,2025-12-06T04:43:04.482,true,A,O,,2022-04-13,5710,NET ECO MULTISERVICES,,,,,,,,,,,43.22A,NAFRev2,,N,,NN,,00013,2025-12-06T07:32:22.409,PME,2023,RESIDENCE ZENITH 3 BATIMENT OUTRE-MER,2,,,RUE,DE L’AVENIR,97351,MATOURY,,97307,,,973070185_B,351791.46787763166,541628.8976912932,A,,,,,43.22A,NAFRev2,O,43.22G
914737960,00015,91473796000015,O,2022-07-01,01,2023,,2025-12-05T22:15:06.803,true,A,O,,2022-07-01,5710,PK PLOMBERIE,PKP,,,,,,,,,,43.22A,NAFRev2,,N,,01,2023,00015,2025-12-06T08:11:29.952,PME,2023,,,,,,DEGRAD SARAMACA,97310,KOUROU,,97304,,,97304B014_B,311705.8998072024,561784.4320487657,A,,,,PK PLOMBERIE,43.22A,NAFRev2,O,43.22G
917640583,00014,91764058300014,O,2022-06-28,01,2023,4322AZ,2025-12-05T19:57:12.579,true,A,O,,2022-06-28,5710,MOMO PLOMBERIE,,,,,,,,,,,43.22A,NAFRev2,,N,,01,2023,00014,2025-12-06T09:54:36.086,PME,2023,RESIDENCE CONCORDE  BAT 7APPT F,7,,,PLACE,CHARLES LINDBERG,97351,MATOURY,,97307,,,973070222_B,350672.52222850604,534761.6079004398,A,,,,,43.22A,NAFRev2,O,43.22G
918288192,00019,91828819200019,O,2022-08-16,NN,,4322AZ,2025-12-06T00:30:22.17,true,A,O,,2022-08-16,1000,,,,SCHUFT,,SEBASTIEN,CHRISTIAN,,,SEBASTIEN,,43.22A,NAFRev2,,,,NN,,00019,2025-12-06T06:34:50.194,PME,2023,,55,,,AVENUE,SAINT-DOMINIQUE,97354,REMIRE-MONTJOLY,,97309,,,973090100_B,359447.8309141891,543704.3856167695,A,,,,KAZOTOP,43.22A,NAFRev2,N,43.22G
918388380,00019,91838838000019,O,2022-08-08,NN,,4322AZ,2025-12-06T00:08:00.845,true,A,O,,2022-08-08,1000,,,M,GIFFARD,,BRADLEY,WINTER,,,BRADLEY,,43.22A,NAFRev2,,,,NN,,00019,2025-12-06T06:17:37.757,PME,2023,,5,,,RUE,MONTAGNE D’ARGENT,97310,KOUROU,,97304,,,973040062_B,316881.920566038,572438.8480814744,A,,,,BPS SERVICE,43.22A,NAFRev2,N,43.22G
918866609,00012,91886660900012,O,2022-09-30,NN,,4322AZ,2025-12-19T13:18:20.041,true,A,O,,2022-09-30,1000,,,M,BAKAMAN,,AURELIEN,,,,AURELIEN,,43.22A,NAFRev2,,,,NN,,00012,2025-12-06T09:28:48.646,PME,2023,RTE MADELEINE FACE ECOLE PTE 5,,,,CITE,MORTIN,97300,CAYENNE,,97302,,,97302A325_B,352909.2372937765,543417.8804400923,A,,,,BL INSTALLATION,43.22A,NAFRev2,N,43.22G
920258340,00016,92025834000016,O,2022-10-10,NN,,4322AZ,2025-12-05T21:28:00.099,true,A,O,,2022-10-10,1000,,,M,DE LIMA FARIAS,,ADAN,RAULISON,,,ADAN,,43.22A,NAFRev2,,,,NN,,00016,2025-12-06T08:58:10.118,PME,2023,,1852,,,RUE,DU CHAMP DE CANNE,97351,MATOURY,,97307,,,973070661_B,354108.75743427663,540332.667280487,A,,,,D.I.F.PLOMBERIE,43.22A,NAFRev2,N,43.22G
920817632,00010,92081763200010,O,2022-01-01,02,2023,,2025-12-06T01:22:43.612,true,A,O,,2022-01-01,5710,T.S.P PLOMBERIE SANITAIRE GENERALE,,,,,,,,,,,43.22A,NAFRev2,,N,,02,2023,00010,2025-12-06T08:04:10.965,PME,2023,ENSEMBLE PROPRIETE CHRISTIN,,,,CHEMIN,SOURCE DE BADUEL,97300,CAYENNE,,97302,,,973020952_B,354918.73926162,544904.3669958431,A,,,,,43.22A,NAFRev2,O,43.22G
922361530,00012,92236153000012,O,2023-01-05,NN,,4322AZ,2025-12-06T04:00:41.796,true,A,O,,2023-01-05,1000,,,M,BARTHELUS,,LESLY,,,,LESLY,,43.22A,NAFRev2,,,,NN,,00012,2025-12-06T09:25:31.166,PME,2023,ZAC HIBISCUS RES AWARA BAT E APPT E41,3,,,RUE,DE L'UNIVERSITE,97300,CAYENNE,,97302,,,973021066_B,355555.80582317896,545571.3866260317,A,LESLY PTD,,,LESLY P.T.D,43.22A,NAFRev2,N,43.22G
922594841,00012,92259484100012,O,2022-12-21,NN,,,2025-12-06T04:12:38.643,true,A,O,,2022-12-21,5710,AURLUS PLOMBERIE DES SERVICES DE QUALITE,,,,,,,,,,,43.22A,NAFRev2,,N,,NN,,00012,2025-12-06T07:31:59.507,PME,2023,,174,,,RUE,GANAKI LAMOURAILLE,97317,APATOU,,97360,,,973600027_B,129503.49334606028,570981.3971136066,A,,,,AURLUS PLOMBERIE DES SERVICES DE QUALITE,43.22A,NAFRev2,N,43.22G
927658849,00017,92765884900017,O,2024-01-01,NN,,,2025-12-06T04:57:43.003,true,A,O,,2024-01-01,5710,SODIGIS PRESTATIONS,,,,,,,,,,,43.22A,NAFRev2,,N,N,NN,,00017,2025-12-06T10:11:51.477,,,ZI COLLERY OUEST,1,,,RUE,GILLES BEHARY LAUL SIRDER,97300,CAYENNE,,97302,,,973021147_B,352944.64,541918.51,A,,,,,43.22A,NAFRev2,O,43.22G
927740399,00013,92774039900013,O,2024-01-12,NN,,,2025-12-05T20:44:56.247,true,A,O,,2024-01-12,5710,SJ PLOMBERIE VRD,,,,,,,,,,,43.22A,NAFRev2,,N,N,NN,,00013,2025-12-06T06:54:47.286,,,,3,,,RUE,GUYNEMER,97320,SAINT-LAURENT-DU-MARONI,,97311,,,973110070_B,163986.15,608720.44,A,SJ PLOMBERIE VRD,,,SJ PLOMBERIE VRD,43.22A,NAFRev2,N,43.22G
927973883,00014,92797388300014,O,2024-04-17,NN,,,2025-12-05T20:38:50.214,true,A,O,,2024-04-17,5710,MB PLOMBERIE,,,,,,,,,,,43.22A,NAFRev2,,N,N,NN,,00014,2025-12-06T06:27:02.863,,,,10,,,AVENUE,LEOPOLD CEDAR SENGHOR,97310,KOUROU,,97304,,,973040675_B,316770.54,571346.44,A,,,,,43.22A,NAFRev2,N,43.22G
928717156,00014,92871715600014,O,2024-01-15,NN,,,2025-12-05T18:39:00.689,true,A,O,,2024-01-15,5710,GUYANE PLOMBERIE SERVICES,,,,,,,,,,,43.22A,NAFRev2,,N,N,NN,,00014,2025-12-06T07:01:07.364,,,,10,,,IMPASSE,PRIPRI,97310,KOUROU,,97304,,,973040706_B,318464.89,570012.28,A,,,,,43.22A,NAFRev2,N,43.22G
929459014,00015,92945901400015,O,2024-06-01,NN,,,2025-12-05T18:57:48.429,true,A,O,,2024-06-01,5710,SJL PLOMBERIE,,,,,,,,,,,43.22A,NAFRev2,,N,N,NN,,00015,2025-12-06T10:42:36.665,,,,13,,,LOTISSEMENT,LES BALISIERS VOIE B,97354,REMIRE-MONTJOLY,,97309,,,97309a009_B,358005.61,544444.39,A,,,,SJL PLOMBERIE,43.22A,NAFRev2,N,43.22G
929585222,00011,92958522200011,O,2024-06-03,NN,,,2025-12-04T15:36:48.659,true,A,O,,2024-06-03,5710,ETS PLOMBIER 973,,,,,,,,,,,43.22A,NAFRev2,,N,N,NN,,00011,2025-12-04T13:11:20.173,,,,7,,,CHEMIN,SOURCE DE BADUEL,97300,CAYENNE,,97302,,,973020952_B,354998.68,545009.47,A,,,,,43.22A,NAFRev2,N,43.22G
930216858,00017,93021685800017,O,2024-07-01,NN,,,2025-12-05T17:55:38.971,true,A,O,,2024-07-01,5710,YAPI PLOMBERIE,,,,,,,,,,,43.22A,NAFRev2,,N,N,NN,,00017,2025-12-06T07:00:28.456,,,,4,,,RUE,KOUSET ALBINA,97320,SAINT-LAURENT-DU-MARONI,,97311,,,973110086_B,166184.09,606789.99,A,,,,,43.22A,NAFRev2,O,43.22G
930784228,00015,93078422800015,O,2024-06-20,NN,,,2025-12-05T20:47:38.847,true,A,O,,2024-06-20,5710,2J-PLOMBERIE,,,,,,,,,,,43.22A,NAFRev2,,N,N,NN,,00015,2025-12-06T08:16:21.271,,,CHEZ MR SUPRICE JEAN BONNY,78,,,LOTISSEMENT,LOUISE ELMIRE,97300,CAYENNE,,97302,,,97302A246_C,,,A,,,,,43.22A,NAFRev2,N,43.22G
931833693,00019,93183369300019,O,2024-09-02,NN,,,2025-12-05T18:21:22.883,true,A,O,,2024-09-02,1000,,,M,MARTIN,MARTIN,ANTOINE,AIME,,,ANTOINE,,43.22A,NAFRev2,,,,NN,,00019,2025-12-06T10:00:38.717,,,BAT D APPT 112,112,,,CITE,URANUS,97300,CAYENNE,,97302,,,97302bzon3k_B,353518.31,543932.25,A,,,,EXPERT'FLASH,43.22A,NAFRev2,N,43.22G
931910962,00022,93191096200022,O,2025-01-16,NN,,,2025-12-05T17:20:41.089,true,A,O,,2024-09-09,1000,,,M,JOANIS,,JEAN-CLAUDE,,,,JEAN-CLAUDE,,43.22A,NAFRev2,,,,NN,,00022,2025-12-06T09:50:20.642,,,COGNEAU LAMIRANDE N 26BIS,,,,RUE,DES AMAREUSES,97351,MATOURY,,97307,,,973070680_B,353379.98,539128.25,A,,,,JP,43.22A,NAFRev2,N,43.22G
932458219,00023,93245821900023,O,2024-12-12,NN,,,2025-12-05T17:27:48.438,false,A,O,,2024-08-30,1000,,,M,DORIVAL,,JEAN,RONY,,,JEAN,,77.11A,NAFRev2,,,,NN,,00015,2025-12-06T07:23:04.907,,,APPT C ETG 1,2,,,RUE,MAURICE BOCS,97351,MATOURY,,97307,,,973070039_B,352652.0,536309.75,A,,,,,43.22A,NAFRev2,N,43.22G
933144420,00017,93314442000017,O,2024-09-13,NN,,,2025-12-05T16:02:50.314,true,A,O,,2024-09-13,5710,GUYANE DETECTION,,,,,,,,,,,43.22A,NAFRev2,,N,N,NN,,00017,2025-12-06T09:15:41.251,,,,4,,,LOTISSEMENT,DES ALAMANDAS,97354,REMIRE-MONTJOLY,,97309,,,97309a008_B,358820.54,541159.8,A,,,,,43.22A,NAFRev2,N,43.22G
933984130,00015,93398413000015,O,2024-10-07,NN,,,2025-12-05T15:51:51.851,true,A,O,,2024-10-07,1000,,,M,GUIRAND,,ROBERTO,,,,ROBERTO,,43.22A,NAFRev2,,,,NN,,00015,2025-12-06T10:51:25.217,,,BAT 22,376,,,,LES AMES CLAIRES,97354,REMIRE-MONTJOLY,,97309,,,97309B024_B,357568.72,542962.54,A,,,,G.R.P (GUIRANT ROBERTO PLOMBERIE),43.22A,NAFRev2,N,43.22G
935258756,00011,93525875600011,O,2024-11-06,NN,,,2025-12-05T20:51:14.652,true,A,O,,2024-11-06,1000,,,M,BLAIR,,DASON,JONATHAN,HAROLD,,DASON,,43.22A,NAFRev2,,,,NN,,00011,2025-12-06T06:33:39.205,,,FACE CHATEAU D'EAU,1282,,,ROUTE,DE RABAN,97300,CAYENNE,,97302,,,973020808_B,354260.84,544756.28,A,,,,S.O.S PLOMBERIE,43.22A,NAFRev2,N,43.22G
939664207,00015,93966420700015,O,2025-01-01,NN,,,2025-12-05T17:55:11.903,true,A,O,,2025-01-01,5710,BJ PLOMBERIE,,,,,,,,,,,43.22A,NAFRev2,,N,N,NN,,00015,2025-12-06T08:03:00.79,,,PK 130,,,,,TROU POISSONS,97350,IRACOUBO,,97303,,,97303B034_B,268592.3,600571.39,A,,,,,43.22A,NAFRev2,N,43.22G
939804126,00018,93980412600018,O,2025-01-15,NN,,,2025-12-05T23:37:17.297,true,A,O,,2025-01-15,5710,SAS REHABILITATION TRAVAUX,,,,,,,,,,,43.22A,NAFRev2,,N,N,NN,,00018,2026-01-08T20:21:55.893,,,,1180,,,CHEMIN,LA LEVEE,97351,MATOURY,,97307,,,973070037_B,354096.26,534134.84,A,,,,SAS REHABILITATION TRAVAUX,43.22A,NAFRev2,N,43.22G
940366222,00013,94036622200013,O,2025-02-01,NN,,,2025-12-05T17:30:26.265,true,A,O,,2025-02-01,1000,,,M,LOUIMAIRE,,GREGORY,,,,GREGORY,,43.22A,NAFRev2,,,,NN,,00013,2025-12-06T07:25:37.773,,,RES HAMEAU DES PRUNIERS,,,,AVENUE,JUST AUGUSTE,97354,REMIRE-MONTJOLY,,97309,,,973090037_B,358501.76,541134.43,A,,,,GSI PLOMBERIE,43.22A,NAFRev2,N,43.22G
940606825,00013,94060682500013,P,2025-02-01,NN,,,2025-12-06T00:21:17.909,true,A,P,,2025-02-01,1000,[ND],[ND],[ND],[ND],[ND],[ND],[ND],[ND],[ND],[ND],[ND],43.22A,NAFRev2,,,,NN,,00013,2025-12-06T10:52:00.932,,,[ND],[ND],[ND],[ND],[ND],[ND],[ND],MATOURY,,97307,,,[ND],[ND],[ND],A,[ND],[ND],[ND],[ND],43.22A,NAFRev2,N,43.22G
941171530,00012,94117153000012,O,2025-03-01,NN,,,2025-12-06T01:28:07.308,true,A,O,,2025-03-01,5710,HR SERVICES,,,,,,,,,,,43.22A,NAFRev2,,N,N,NN,,00012,2025-12-06T08:18:14.939,,,,17,,,IMPASSE,LOUIS LANCET,97351,MATOURY,,97307,,,973070829_C,,,A,,,,,43.22A,NAFRev2,N,43.22G
941203036,00012,94120303600012,O,2025-02-01,NN,,,2025-12-05T20:32:11.799,true,A,O,,2025-02-01,5710,LA PLOMBERIE WILL,LPW,,,,,,,,,,43.22A,NAFRev2,,N,N,NN,,00012,2025-12-06T10:34:30.396,,,CITE BONHOMME,4,,,RUE,DES LAURIERS ROSES,97300,CAYENNE,,97302,,,973020519_B,353745.52,544260.3,A,,,,,43.22A,NAFRev2,N,43.22G
941617540,00013,94161754000013,O,2025-02-18,NN,,,2025-12-05T18:40:38.521,true,A,O,,2025-02-18,5710,PLOMBERIE CREA RENOV,,,,,,,,,,,43.22A,NAFRev2,,N,N,NN,,00013,2025-12-06T10:28:19.039,,,,16,,,RUE,FLEUR D'EBENE,97354,REMIRE-MONTJOLY,,97309,,,973090338_B,355590.96,540785.65,A,,,,,43.22A,NAFRev2,N,43.22G
941990327,00012,94199032700012,O,2025-02-26,NN,,,2025-12-05T23:53:08.471,true,A,O,,2025-02-26,5710,FRANCK PLOMBERIE GENERALE,,,,,,,,,,,43.22A,NAFRev2,,N,N,NN,,00012,2025-12-06T10:40:58.715,,,LOT LES PELICANS COGNEAU LAMIRANDE,53,B,,RUE,DES IBIS,97351,MATOURY,,97307,,,973070740_C,,,A,,,,,43.22A,NAFRev2,O,43.22G
942906298,00016,94290629800016,O,2025-03-23,NN,,,2025-12-05T19:59:02.345,true,A,O,,2025-03-23,5710,TROPIFLUID PLOMBERIE,,,,,,,,,,,43.22A,NAFRev2,,N,N,NN,,00016,2025-12-06T07:09:26.87,,,BAT BALISIER APP 32C,,,,RESIDENCE,A POU NOU,97300,CAYENNE,,97302,,,97302A035_C,,,A,,,,,43.22A,NAFRev2,O,43.22G
942977562,00019,94297756200019,O,2025-05-10,NN,,,2025-12-05T17:07:27.648,true,A,O,,2025-05-10,1000,,,M,GETIN,,RALPH,,,,RALPH,,43.22A,NAFRev2,,,,NN,,00019,2025-12-06T06:31:41.948,,,LOTISSEMENT PELICAN,4,C,,RUE,DE LA FERMENTATION,97351,MATOURY,,97307,,,973070907_B,353299.32,538717.87,A,,,,R.G CONSTRUCTION,43.22A,NAFRev2,N,43.22G
943073254,00014,94307325400014,O,2025-04-14,NN,,,2025-12-05T17:36:07.721,true,A,O,,2025-04-14,1000,,,M,VIDAL,,JEREMY,,,,JEREMY,,43.22A,NAFRev2,,,,NN,,00014,2025-12-06T05:55:51.966,,,LES RIVES DU MAHURY BAT J APPT J3,,,,ROUTE,DES PLAGES (RD1),97354,REMIRE-MONTJOLY,,97309,,,973090076_B,359722.08,541944.88,A,,,,J&L SERVICE,43.22A,NAFRev2,N,43.22G
943344515,00011,94334451500011,O,2025-04-01,NN,,,2025-12-05T18:16:19.392,true,A,O,,2025-04-01,1000,,,M,DARES,,PASCAL,ALPHONSE,,,PASCAL,,43.22A,NAFRev2,,,,NN,,00011,2025-12-06T10:19:12.524,,,ROUTE DE LA MADELEINE - COTE GAUCHE,39,,,LOTISSEMENT,LA ROSERAIE,97300,CAYENNE,,97302,,,97302v369_B,353756.9,543171.63,A,,,,DP973 MULTI-SERVICES,43.22A,NAFRev2,N,43.22G
943835306,00011,94383530600011,O,2025-04-28,NN,,,2025-12-05T16:22:59.334,true,A,O,,2025-04-28,1000,,,M,PIERRE CHARLES,,WATSON,,,,WATSON,,43.22A,NAFRev2,,,,NN,,00011,2025-12-06T09:00:29.817,,,,16,,,RUE,EUGENE TECLE,97300,CAYENNE,,97302,,,973020301_B,353575.42,545611.77,A,,,,ISOPHEPRO BTP,43.22A,NAFRev2,N,43.22G
948173281,00015,94817328100015,O,2023-02-01,NN,,,2025-12-05T20:27:55.231,true,A,O,,2023-02-01,1000,,,M,DESIR,DESIR,RODOLPHE,,,,RODOLPHE,,43.22A,NAFRev2,,,,NN,,00015,2025-12-06T11:25:40.091,PME,2023,,9,,,LOTISSEMENT,LES LOUSSAIS,97351,MATOURY,,97307,,,97307a031_B,350566.43753767444,539965.8493413682,A,,,,,43.22A,NAFRev2,N,43.22G
948427695,00010,94842769500010,O,2023-01-01,01,2023,,2025-12-05T17:45:01.244,true,A,O,,2023-01-01,5499,JLT TRAVAUX,JLTT,,,,,,,,,,43.22A,NAFRev2,,N,,01,2023,00010,2025-12-06T08:43:39.228,PME,2023,PK16 -560,,,,LD,SABLANCE RN1 MACOURIA,97355,MACOURIA,,97305,,,,,,A,,,,JLT TRAVAUX,43.22A,NAFRev2,O,43.22G
949213763,00012,94921376300012,O,2023-01-13,01,2023,,2025-12-05T17:05:35.758,true,A,O,,2023-01-13,5710,MLN PLOMBERIE,,,,,,,,,,,43.22A,NAFRev2,,N,,01,2023,00012,2025-12-06T10:41:59.381,PME,2023,,151,,,CHEMIN,MELISSE,97351,MATOURY,,97307,,,973070888_B,352393.6576176668,529473.1815286559,A,,,,,43.22A,NAFRev2,O,43.22G
949245997,00018,94924599700018,O,2023-01-03,NN,,,2025-12-06T04:07:20.039,true,A,O,,2023-01-03,5710,HJF MULTI-SERVICES,H.J.F.M.S.,,,,,,,,,,43.22A,NAFRev2,,N,,NN,,00018,2025-12-06T09:12:21.657,PME,2023,AB62  BALATA OUEST,21,,,RUE,LEROL,97351,MATOURY,,97307,,,97307a7qn_B,351083.85311475326,540044.6454145301,A,,,,,43.22A,NAFRev2,O,43.22G
949321418,00012,94932141800012,O,2023-02-16,00,2023,,2025-12-05T16:39:50.476,true,A,O,,2023-02-16,5710,AXA ENR,,,,,,,,,,,43.22A,NAFRev2,,N,,00,2023,00012,2025-12-06T07:01:47.35,PME,2023,205 LOTISSEMENT,,,,,COPAYA,97351,MATOURY,,97307,,,973074u6rf1_B,353343.08057511086,535743.6202173694,A,,,,,43.22A,NAFRev2,O,43.22G
949690796,00014,94969079600014,O,2023-01-25,NN,,,2025-12-06T00:10:38.875,true,A,O,,2023-01-25,5710,SOLUTION PLOMBERIE & MULTISERVICES,,,,,,,,,,,43.22A,NAFRev2,,N,,NN,,00014,2025-12-06T05:36:29.796,PME,2023,COGNEAU LAMIRANDE,14,B,,IMPASSE,ZOLIV,97351,MATOURY,,97307,,,973070951_C,352954.25112373516,539089.8301924457,A,,,,,43.22A,NAFRev2,O,43.22G
949818298,00018,94981829800018,O,2023-03-13,NN,,,2025-12-05T19:00:59.37,true,A,O,,2023-03-13,5710,ANTILLES GUYANE PLOMBERIE ET PRESTATIONS,AG2P,,,,,,,,,,43.22A,NAFRev2,,N,,NN,,00018,2025-12-06T09:13:49.642,PME,2023,,3,,,LOTISSEMENT,SOROSSIS MONTABO,97300,CAYENNE,,97302,,,97302poqttp_B,355790.16854842234,545763.9784163918,A,,,,,43.22A,NAFRev2,O,43.22G
952615904,00010,95261590400010,O,2023-03-15,NN,,,2025-12-06T04:18:56.306,true,A,O,,2023-03-15,5710,BELLAMY PLOMBERIE ESPACE VERT,,,,,,,,,,,43.22A,NAFRev2,,N,,NN,,00010,2025-12-06T06:34:25.829,PME,2023,,26,,,RUE,SAPOTILLE,97351,MATOURY,,97307,,,973070048_B,352260.2056077315,540153.6486261318,A,,,,BELLAMY PLOMBERIE ESPACE VERT SASU,43.22A,NAFRev2,O,43.22G
952751816,00010,95275181600010,O,2023-05-22,NN,,,2025-12-05T20:29:20.75,true,A,O,,2023-05-22,1000,,,M,PETIT-HOMME,,JEAN-BEAUNEL,,,,JEAN-BEAUNEL,,43.22A,NAFRev2,,,,NN,,00010,2025-12-06T06:55:24.341,PME,2023,,10,,,RUE,TOLINGA,97351,MATOURY,,97307,,,973070061_B,351683.0218816163,540634.7717341596,A,,,,JBPH PLOMBERIE,43.22A,NAFRev2,N,43.22G
953384005,00013,95338400500013,O,2023-06-08,NN,,,2025-12-19T13:18:21.768,true,A,O,,2023-06-08,5710,SERVICE PLOMB,,,,,,,,,,,43.22A,NAFRev2,,N,,NN,,00013,2025-12-19T13:18:21.761,PME,2023,RESIDENCE BOUGAINVILLIERS - BAT A8 -,27,,,RUE,DE L’ACAROUANI,97355,MACOURIA,,97305,,,973050773_B,343222.2379903754,544487.0627885266,A,,,,,43.22A,NAFRev2,N,43.22G
977539717,00016,97753971700016,O,2023-07-10,NN,,,2025-12-05T19:04:32.906,true,A,O,,2023-07-10,1000,,,M,COLIMON,,LUCKSON,,,,LUCKSON,,43.22A,NAFRev2,,,,NN,,00016,2025-12-06T10:38:50.601,PME,2023,,4,,,ALLEE,DE L'UNIVERSITE YALE,97300,CAYENNE,,97302,,,973021056_B,355475.2806814101,545789.8035768521,A,,,,LBCM-PLOMBERIE-MULTISERVICES,43.22A,NAFRev2,N,43.22G
977725910,00011,97772591000011,O,2023-07-10,NN,,,2025-12-05T21:53:54.755,true,A,O,,2023-07-10,1000,,,M,BLANC,,DICKY,,,,DICKY,,43.22A,NAFRev2,,,,NN,,00011,2025-12-06T06:09:06.067,PME,2023,,,,,,SAVANE MANUEL NORD,97315,SINNAMARY,,97312,,,97312B012_C,,,A,,,,PLOMB DICKY,43.22A,NAFRev2,N,43.22G
980297857,00016,98029785700016,P,2023-10-16,NN,,,2025-12-05T18:29:56.172,true,A,P,,2023-10-16,1000,[ND],[ND],[ND],[ND],[ND],[ND],[ND],[ND],[ND],[ND],[ND],43.22A,NAFRev2,,,,NN,,00016,2025-12-06T08:43:46.231,PME,2023,[ND],[ND],[ND],[ND],[ND],[ND],[ND],MATOURY,,97307,,,[ND],[ND],[ND],A,[ND],[ND],[ND],[ND],43.22A,NAFRev2,N,43.22G
980670087,00017,98067008700017,O,2023-10-17,NN,,,2025-12-05T21:21:10.961,true,A,O,,2023-10-17,5710,ELCO MAPA,,,,,,,,,,,43.22A,NAFRev2,,N,,NN,,00017,2025-12-06T07:02:33.719,PME,2023,,491,,,ROUTE,DE SOPHIE,97370,MARIPASOULA,,97353,,,973530032_B,163583.61045996513,403655.1338277132,A,,,,,43.22A,NAFRev2,N,43.22G
982428682,00024,98242868200024,O,2024-05-23,NN,,,2025-12-05T19:59:18.833,false,A,O,,2024-01-01,5710,HELIEAU SOLUTIONS,HES,,,,,,,,,,43.22B,NAFRev2,,N,,NN,,00016,2025-12-06T05:39:20.347,,,ZI PARIACABO,6,,,RUE,DU ROCHER,97310,KOUROU,,97304,,,973040538_B,315402.97,570601.01,A,,,,H.E.S OUTRE-MER,43.22A,NAFRev2,N,43.22G
982733115,00017,98273311500017,O,2023-12-15,NN,,,2025-12-05T22:34:45.504,true,A,O,,2023-12-15,5710,3 CS EAU-ENERGIE,,,,,,,,,,,43.22A,NAFRev2,,N,,NN,,00017,2025-12-06T08:23:17.627,PME,2023,,1662,,,ROUTE,DE MONTABO,97300,CAYENNE,,97302,,,97302bf08_B,355304.5274465346,546423.5772965119,A,,,,3 CS EAU-ENERGIE,43.22A,NAFRev2,O,43.22G
983133323,00011,98313332300011,O,2024-01-01,NN,,,2025-12-05T19:21:30.105,true,A,O,,2024-01-01,5710,KODI CARR-PLOMB,,,,,,,,,,,43.22A,NAFRev2,,N,,NN,,00011,2025-12-06T10:15:42.78,,,VILLAGE SARAMACA,9,,,RUE,DE CALI,97310,KOUROU,,97304,,,973040113_B,318527.690466897,570463.5262630929,A,,,,,43.22A,NAFRev2,O,43.22G
983820440,00011,98382044000011,O,2024-01-25,NN,,,2025-12-06T04:13:05.632,true,A,O,,2024-01-25,1000,,,M,DUCCE,,CEDRIC,,,,CEDRIC,,43.22A,NAFRev2,,,,NN,,00011,2025-12-06T06:30:04.467,,,KELEX ROUTE DE LA MADELEINE,258,,,AVENUE,JUSTIN CATAYEE,97300,CAYENNE,,97302,,,973021365_B,352987.8068293034,545064.082406955,A,CES PLOMBERIE,,,CES PLOMBERIE,43.22A,NAFRev2,N,43.22G
987584174,00013,98758417400013,O,2024-01-31,NN,,,2025-12-05T17:12:04.021,true,A,O,,2024-01-31,1000,,,M,THERLUS,,RODOLPHE,,,,RODOLPHE,,43.22A,NAFRev2,,,,NN,,00013,2025-12-06T11:15:02.98,,,,17,,,RUE,AIGLE TYRAN,97351,MATOURY,,97307,,,973070839_B,350606.1198019786,535114.2325865268,A,,,,THERLUS PLOMBIER,43.22A,NAFRev2,N,43.22G
987840584,00013,98784058400013,O,2024-03-19,NN,,,2025-12-05T15:56:24.507,true,A,O,,2024-03-19,5710,SERVICE-PUB,,,,,,,,,,,43.22A,NAFRev2,,N,N,NN,,00013,2025-12-06T07:09:49.766,,,ZAC DE SOULA,38,,,RUE,JAUNE D'ŒUF,97355,MACOURIA,,97305,,,973050681_B,343820.18,545101.24,A,,,,,43.22A,NAFRev2,O,43.22G
989640883,00017,98964088300017,O,2025-07-20,NN,,,2025-12-05T16:10:13.987,true,A,O,,2025-07-20,1000,,,M,SELLALI,,RICHARD,,,,RICHARD,,43.22A,NAFRev2,,,,NN,,00017,2025-12-06T09:12:57.517,,,,2400,,,RUE,DU CHAMP DE CANNE,97351,MATOURY,,97307,,,973070661_B,353875.69,540471.55,A,,,,R.D PLOMBERIE 973,43.22A,NAFRev2,N,43.22G
990256059,00017,99025605900017,O,2025-09-01,NN,,,2025-12-05T20:24:51.51,true,A,O,,2025-09-01,1000,,,M,JACQUES,,ISAAC,,,,ISAAC,,43.22A,NAFRev2,,,,NN,,00017,2025-12-06T10:31:13.139,,,CCAS DE CAYENNE,16,,,,ZONE ARTISANALE GALMOT,97300,CAYENNE,,97302,,,,,,A,,,,PLOMBERIE SYSTEMES,43.22A,NAFRev2,N,43.22G
991012139,00028,99101213900028,O,2025-09-18,NN,,,2025-10-09T13:09:19.584,true,A,O,,2025-09-08,5710,UEL SERVICES ET CONSTRUCTIONS,,,,,,,,,,,43.22A,NAFRev2,,N,N,NN,,00028,2025-10-09T13:09:19.591,,,,67,,,,RD5 JARDINS DES TOUCANS,97356,MONTSINERY-TONNEGRANDE,,97313,,,,,,A,,,,,43.22A,NAFRev2,N,43.22H
991705245,00017,99170524500017,O,2025-09-22,NN,,,2025-09-29T12:55:42.272,true,A,O,,2025-09-22,1000,,,M,NUTSUGAN,,KOSSI,CELESTIN,,,KOSSI,,43.22A,NAFRev2,,,,NN,,00017,2025-09-29T12:55:42.271,,,CHEZ EDELINE JEAN,2,,,RUE,SIMONE FLERET FARLOT,97354,REMIRE-MONTJOLY,,97309,,,973090462_B,357139.46,539799.95,A,,,,CNG MULTISERVICES BTP,43.22A,NAFRev2,N,81.10Y
991901380,00014,99190138000014,O,2025-09-18,NN,,,2025-10-22T16:14:25.219,true,A,O,,2025-09-18,5710,PLOMB ECO OUEST,,,,,,,,,,,43.22A,NAFRev2,,N,N,NN,,00014,2025-10-02T08:10:59.21,,,ZI COLLERY 4,14,,,RUE,DES LIBELLULES,97300,CAYENNE,,97302,,,,353701.03,541885.95,A,,,,,43.22A,NAFRev2,O,43.22G
992988303,00010,99298830300010,O,2025-10-13,NN,,,2025-10-23T14:52:14.342,true,A,O,,2025-10-13,5710,ALBERT PLOMBERIE PLUS,,,,,,,,,,,43.22A,NAFRev2,,N,N,NN,,00010,2025-10-23T14:52:14.341,,,LOTISSEMENT SITE AGATHE,8,B,,RUE,MOUCAYA,97355,MACOURIA,,97305,,,973050697_B,337361.31,553407.84,A,,,,,43.22A,NAFRev2,N,43.22G
993580992,00010,99358099200010,O,2025-11-05,NN,,,2025-11-06T12:38:15.55,true,A,O,,2025-11-05,1000,,,M,CASTOLI,,LEO,,,,LEO,,43.22A,NAFRev2,,,,NN,,00010,2025-11-06T12:38:15.55,,,,3,,,RUE,DES LYCHEES,97320,SAINT LAURENT DU MARONI,,97311,,,973110274_C,,,A,,,,LC,43.22A,NAFRev2,N,43.22G
993930403,00015,99393040300015,O,2025-11-17,NN,,,2025-11-17T13:43:56.973,true,A,O,,2025-11-17,1000,,,M,FRANCK,,LOUINICE,,,,LOUINICE,,43.22A,NAFRev2,,,,NN,,00015,2025-11-17T13:43:56.973,,,LOT COGNEAU LAMIRANDE,1221,,,ROUTE,DE LA DISTILLERIE,97351,MATOURY,,97307,,,973070693_B,352909.37,538825.55,A,,,,PMG - PLOMBERIE MODERNE GUYANE,43.22A,NAFRev2,N,43.22G
994222412,00011,99422241200011,O,2025-11-21,NN,,,2025-11-24T11:28:13.004,true,A,O,,2025-11-21,1000,,,M,DORVILIEN,,CLAUDE,,,,CLAUDE,,43.22A,NAFRev2,,,,NN,,00011,2025-11-24T11:28:13.003,,,APPT B COGNEAU LAMIRANDE,1,,,RUE,DU RHUM VIEUX,97351,MATOURY,,97307,,,973070687_B,353090.95,538896.4,A,,,,EXPERT PLOMBERIE,43.22A,NAFRev2,N,43.22G
995247145,00015,99524714500015,P,2025-12-16,NN,,,2026-01-13T12:11:00.261,true,A,P,,2025-12-16,1000,[ND],[ND],[ND],[ND],[ND],[ND],[ND],[ND],[ND],[ND],[ND],43.22A,NAFRev2,,,,NN,,00015,2026-01-13T12:11:00.26,,,[ND],[ND],[ND],[ND],[ND],[ND],[ND],KOUROU,,97304,,,[ND],[ND],[ND],A,[ND],[ND],[ND],[ND],43.22A,NAFRev2,N,43.22G
999595127,00013,99959512700013,O,2025-01-01,NN,,,2026-01-09T17:11:59.501,true,A,O,,2025-01-01,1000,,,M,AURELIEN,,JONAS,,,,JONAS,,43.22A,NAFRev2,,,,NN,,00013,2026-01-09T17:11:59.5,,,1515,,,,RUE,DU CHAMP DE CANNE,97351,MATOURY,,97307,,,973070661_B,353752.6,539968.82,A,,,,E.I. AURELIEN JONAS,43.22A,NAFRev2,N,43.22G
999634041,00019,99963404100019,O,2025-12-20,NN,,,2026-01-19T12:56:16.422,true,A,O,,2025-12-20,5499,GINOU PLOMBERIE 973,,,,,,,,,,,43.22A,NAFRev2,,N,N,NN,,00019,2026-01-19T12:56:16.422,,,COGNEAU LAMIRANDE,480,A,,RUE,AROUMAN,97351,MATOURY,,97307,,,973070925_B,354452.8,539718.35,A,,,,,43.22A,NAFRev2,N,43.22G
