nom,adresse,telephone,site_web,note,nb_avis,categorie,horaires,ville_recherche,date_extraction,source
PLOMB CS RENOV,,+590690121558,,5.0,11,Plombier,,"Pointe-à-Pitre, Guadeloupe",2026-01-25T15:26:57.353151,google_maps
Mon Plombier Guadeloupe,,+590690368871,https://mon-plombier-guadeloupe.fr/,5.0,11,Plombier,,"Pointe-à-Pitre, Guadeloupe",2026-01-25T15:27:00.066400,google_maps
PRESTIGE PLOMBERIE,"Adresse: 19 All. Bergere, Les Abymes 97139, Guadeloupe",+590590241313,,5.0,11,Plombier,,"Pointe-à-Pitre, Guadeloupe",2026-01-25T15:27:04.193403,google_maps
SARL FILTRINOX,"Adresse: Zi Bergevin, 17 Boulevard Du Général de Gaulle, Pointe-à-Pitre 97110, Guadeloupe",+590590913240,http://filtrinox-antilles.fr/?utm_medium=referral&utm_source=gmb&utm_campaign=lnk-gmb,5.0,11,Plombier,,"Pointe-à-Pitre, Guadeloupe",2026-01-25T15:27:08.293709,google_maps
O'Top Caraibes,,+590690703545,,5.0,11,Plombier,,"Pointe-à-Pitre, Guadeloupe",2026-01-25T15:27:11.288833,google_maps
SOS Plombier Guadeloupe,,+590690526289,https://www.sosplombierguadeloupe.com/?utm_source=gmb,5.0,11,Plombier,,"Pointe-à-Pitre, Guadeloupe",2026-01-25T15:27:14.367237,google_maps
Plombier artisan - SaniExpert,"Adresse: 1 Rue Du Docteur Hélène, Le Gosier 97190, Guadeloupe",+590690342393,https://api.whatsapp.com/send/?phone=0690342393&text=Entreprise+SaniExpert+%C3%A0+votre+service+%21&type=phone_number&app_absent=0,5.0,11,Plombier,,"Pointe-à-Pitre, Guadeloupe",2026-01-25T15:27:17.979804,google_maps
Morinartisan | Plomberie & Salle de bain,"Adresse: 6FCV+8P8 Poucet, Le Gosier 97190, Guadeloupe",+590690679253,http://morinartisan.fr/,5.0,11,Plombier,,"Pointe-à-Pitre, Guadeloupe",2026-01-25T15:27:22.013322,google_maps
AKAAZ,"Adresse: 195 Rue François Fresneau, Baie-Mahault 97122, Guadeloupe",+590590570027,https://akaaz.com/,5.0,11,Magasin de matériel de plomberie,,"Pointe-à-Pitre, Guadeloupe",2026-01-25T15:27:25.913539,google_maps
CONCEPT ENERGIES NOUVELLES,"Adresse: RDC TOUR FAIDHERBE RESIDENCE ESPACE 2000 BOULEVARD FAIDHERBE, POINTE A PITRE 97110, Guadeloupe",0590468521,https://www.facebook.com/cen.climatisation/,5.0,11,Entrepreneur spécialisé dans les systèmes de CVC,,"Pointe-à-Pitre, Guadeloupe",2026-01-25T15:27:30.234349,google_maps
JO PLOMBERY,"Adresse: 9 Rue Léon Philis Seymour, Capesterre-Belle-Eau 97130, Guadeloupe",+590690470275,,5.0,11,Plombier,,"Pointe-à-Pitre, Guadeloupe",2026-01-25T15:27:32.915552,google_maps
O’Top Caraibes,,+590690703545,https://www.otopcaraibes.com/,5.0,11,Plombier,,"Pointe-à-Pitre, Guadeloupe",2026-01-25T15:27:36.668599,google_maps
PLOMBERIE EXPRESS,"Adresse: Rue des Raisiniers, Capesterre-Belle-Eau 97130, Guadeloupe",+590690152772,,5.0,11,Plombier,,"Pointe-à-Pitre, Guadeloupe",2026-01-25T15:27:39.516918,google_maps
EI Reinette S,,+590690544153,,5.0,11,Plombier,,"Pointe-à-Pitre, Guadeloupe",2026-01-25T15:27:42.611402,google_maps
SAS Y.COLAT,"Adresse: 6 Immeuble Patio Grand Camp LES ABYMES, 97139, Guadeloupe",+590590834493,https://www.colat-yvon.com/?utm_medium=referral&utm_source=gmb&utm_campaign=lnk-gmb,5.0,11,Serrurier,,"Pointe-à-Pitre, Guadeloupe",2026-01-25T15:27:46.512837,google_maps
PlomberieChris,"Adresse: Chemin des Surettiers, Saint-François 97118, Guadeloupe",+590691262753,https://www.plombier-guadeloupe.com/,5.0,11,Plombier,,"Pointe-à-Pitre, Guadeloupe",2026-01-25T15:27:50.400310,google_maps
S.D.P,"Adresse: Morne Vergain, 20 lot de l’Habitation, Rue Rolière Arnoux, Les Abymes 97139, Guadeloupe",+590590268193,,5.0,11,Atelier de métallerie,,"Pointe-à-Pitre, Guadeloupe",2026-01-25T15:27:53.237333,google_maps
Ronald ROYAN,,+590690299816,,5.0,11,Plombier,,"Pointe-à-Pitre, Guadeloupe",2026-01-25T15:27:56.312405,google_maps
Nonnon Plomberie,"Adresse: Chem. Paulette Favernez, Saint-François 97118, Guadeloupe",+590690395566,http://www.plomberie-nonnon.fr/,5.0,11,Plombier,,"Pointe-à-Pitre, Guadeloupe",2026-01-25T15:27:58.960706,google_maps
Stop Fuite Guadeloupe,"Adresse: 1 Lot Vince Arnouville, Petit-Bourg 97170, Guadeloupe",+590690758148,https://www.stopfuite.com/,5.0,11,Plombier,,"Pointe-à-Pitre, Guadeloupe",2026-01-25T15:28:06.191563,google_maps
SBP Concept,"Adresse: N748 rue Pierre et René Hincelin, Blanchet, Gourbeyre 97113, Guadeloupe",+590590250442,http://sbp-concept.com/,5.0,11,Travaux généraux,,"Pointe-à-Pitre, Guadeloupe",2026-01-25T15:28:09.348646,google_maps
Plomberie Dom plateforme TP,"Adresse: Rue Jean Gothland, Baie-Mahault 97122, Guadeloupe",+590690299461,https://plomberiedom.com/,5.0,11,Magasin de matériel de plomberie,,"Pointe-à-Pitre, Guadeloupe",2026-01-25T15:28:11.991097,google_maps
Plomberie Dom Petit Pérou,"Adresse: Lotissement Maewa, ZA de Petit Pérou, Les Abymes 97139, Guadeloupe",+590590323831,https://www.plomberiedom.com/,4.0,4,Magasin de matériel de plomberie,,"Les Abymes, Guadeloupe",2026-01-25T15:29:22.211651,google_maps
Ambiance Plomberie Sanitaire,"Adresse: Salle d'Asile, Imm.Romano, ZA La Bretelle, Les Abymes 97139, Guadeloupe",+590590284445,https://www.ambianceplomberiesanitaire.fr/?utm_medium=referral&utm_source=gmb&utm_campaign=lnk-gmb,4.0,4,Quincaillerie,,"Les Abymes, Guadeloupe",2026-01-25T15:29:24.796805,google_maps
JC VINCENT PLOMBERIE,,+590690243470,https://www.jcvincentplomberie.com/,4.0,4,Plombier,,"Les Abymes, Guadeloupe",2026-01-25T15:29:35.596395,google_maps
Karukéra Assainissement,"Adresse: Salle d'asile, ZA de Petit Pérou, Les Abymes 97139, Guadeloupe",+590590200020,https://www.karukera-assainissement.fr/,4.0,4,Service d'entretien des gouttières,,"Les Abymes, Guadeloupe",2026-01-25T15:29:41.297132,google_maps
P-TYLU,"Adresse: Impasse Maraudière, Imp. Labrousse, Le Gosier 97190, Guadeloupe",+590691238060,,4.0,4,Plombier,,"Les Abymes, Guadeloupe",2026-01-25T15:29:49.094105,google_maps
DIDIER MULTIPOSE - Plomberie & Salle de bain,,+590690400456,,4.0,4,Spécialiste de la salle de bains,,"Les Abymes, Guadeloupe",2026-01-25T15:29:55.231821,google_maps
Plomberie Dom La Jaille,"Adresse: ZAC de la Grande Voie, Rue Thomas Edison, Baie-Mahault 97122, Guadeloupe",+590590323838,https://plomberiedom.com/,4.0,4,Magasin de matériel de plomberie,,"Les Abymes, Guadeloupe",2026-01-25T15:30:03.028843,google_maps
TEG & GC,"Adresse: ANQUETIL 2, RUE MARECHAL RECHAUD, Les Abymes 97139, Guadeloupe",+590690628781,,4.0,4,Électricien,,"Les Abymes, Guadeloupe",2026-01-25T15:30:08.187716,google_maps
SASU PLOMBERIE DU SUD,"Adresse: 93 Résidence Louis Delgres La Jaille BAIE MAHAULT, baie mahaut 97122, Guadeloupe",+590690802037,http://plomberiedusud.com/,4.0,4,Plombier,,"Les Abymes, Guadeloupe",2026-01-25T15:30:16.496874,google_maps
AMPG Plomberie,"Adresse: 18 Rue Fulton, Baie-Mahault 97122, Guadeloupe",+590590267001,,4.0,4,Magasin de matériel de plomberie,,"Les Abymes, Guadeloupe",2026-01-25T15:30:24.549132,google_maps
Sopsag,"Adresse: ZI de Jarry, 97122 Rue Fulton, Baie-Mahault 97122, Guadeloupe",+590590325555,http://www.sopsag.fr/,4.9,17,Magasin de matériel de plomberie,,"Baie-Mahault, Guadeloupe",2026-01-25T15:31:31.179041,google_maps
Plomberie Dom Moudong,"Adresse: 6CR9+8M6, Baie-Mahault 97122, Guadeloupe",+590590320040,http://www.plomberiedom.com/,4.9,17,Magasin de matériel de plomberie,,"Baie-Mahault, Guadeloupe",2026-01-25T15:31:43.377422,google_maps
Solarinox Guadeloupe,"Adresse: Voie Principale de Jarry Baie Mahault Baie-Mahault, 97122, Guadeloupe",+590590900102,https://www.solarinox-guadeloupe.com/,4.9,17,Fournisseur de chauffe-eau solaires,,"Baie-Mahault, Guadeloupe",2026-01-25T15:31:50.636131,google_maps
Polka SAF,,+590690353462,http://www.polka-saf.fr/?utm_source=gmb,4.9,17,Plombier,,"Baie-Mahault, Guadeloupe",2026-01-25T15:31:53.902577,google_maps
Réseaux Plus Sarl,"Adresse: 15 Via Verde ZAC de Houelbourg 2 et 3 BAIE-MAHAULT, 97122, Guadeloupe",+590590380495,https://www.reseauxplus.com/,4.9,17,Quincaillerie,,"Baie-Mahault, Guadeloupe",2026-01-25T15:31:57.434259,google_maps
Kogy Plomberie,,+590690973180,,4.9,17,Plombier,,"Baie-Mahault, Guadeloupe",2026-01-25T15:32:00.364224,google_maps
Eco Soley Énergie,"Adresse: ZI de Jarry, 774 Rue de la Chapelle, Baie-Mahault 97122, Guadeloupe",+590690952691,,4.9,17,Fournisseur d'équipements d'énergie solaire,,"Baie-Mahault, Guadeloupe",2026-01-25T15:32:03.628383,google_maps
100 % Concept Rénovation,"Adresse: 6 Rue Eugene Freyssinet, Baie-Mahault 97122, Guadeloupe",+590590050150,http://www.100pour100conceptrenovation.com/,4.9,17,Entreprise de construction,,"Baie-Mahault, Guadeloupe",2026-01-25T15:32:09.669679,google_maps
Guiban Antilles,"Adresse: 58 Rue Ferdinand Forest, Baie-Mahault 97122, Guadeloupe",+590590413581,,4.9,17,Entreprise de construction,,"Baie-Mahault, Guadeloupe",2026-01-25T15:32:12.577802,google_maps
Institut Formelec,"Adresse: ZI de Jarry, Imm. Colvil 604 D, 97122 Rue Alfred Lumière, Baie-Mahault, Guadeloupe",+590590382806,http://www.formelec.fr/,4.9,17,Centre de formation,,"Baie-Mahault, Guadeloupe",2026-01-25T15:32:15.761581,google_maps
SNR PLOMBERIE,,+590590322579,,4.9,17,Constructeur immobilier,,"Baie-Mahault, Guadeloupe",2026-01-25T15:32:22.989354,google_maps
VILLA HAPPY,"Adresse: pliane, Lotissement les terrasses de gosier, Le Gosier 97190, Guadeloupe",+590690535346,http://www.villahappy.fr/,5.0,1,Maison de vacances,,"Le Gosier, Guadeloupe",2026-01-25T15:33:44.260544,google_maps
STYLE PLOMB,"Adresse: 6G45+C5G, Lieu Dit Tombeau Grande Ravine Grande Ravine, Le Gosier 97190, Guadeloupe",+590590229151,,5.0,1,Spécialiste de la salle de bains,,"Le Gosier, Guadeloupe",2026-01-25T15:33:57.779039,google_maps
"LG Services Plomberie, Entretien Climatisation 100% BIO","Adresse: Lot. Frair Unis, Le Gosier 97190, Guadeloupe",+590690648074,,5.0,1,Service de nettoyage et d'entretien,,"Le Gosier, Guadeloupe",2026-01-25T15:34:05.931725,google_maps
EC'EAU PLUS,"Adresse: IMMEUBLE ODYSSEE, ZAC DE COLIN, Petit-Bourg 97170, Guadeloupe",+590590601811,,5.0,57,Plombier,,"Petit-Bourg, Guadeloupe",2026-01-25T15:35:37.711574,google_maps
GPS Plomberie 971 – Guadeloupe,"Adresse: Chem. de Douville, Goyave 97128, Guadeloupe",+590690865461,https://gpsplomberie97.com/,5.0,57,Plombier,,"Petit-Bourg, Guadeloupe",2026-01-25T15:35:40.208505,google_maps
AJ Plomberie,"Adresse: Prise D'Eau, Chem. de Fond Tivoli, Petit-Bourg 97170, Guadeloupe",+590690497767,,5.0,57,Plombier,,"Petit-Bourg, Guadeloupe",2026-01-25T15:35:43.945860,google_maps
B12 Services S A S,"Adresse: 95 rue Châtaignier, Sainte-Anne 97180, Guadeloupe",+590690242555,https://www.b12services.com/,5.0,57,Plombier,,"Sainte-Anne, Guadeloupe",2026-01-25T15:37:20.426752,google_maps
Jt Climatisation Plomberie,"Adresse: Dupré, Sainte-Anne 97180, Guadeloupe",+590590883807,,5.0,57,Fournisseur de systèmes de climatisation,,"Sainte-Anne, Guadeloupe",2026-01-25T15:37:24.621365,google_maps
PLOMBERIES ENERGIES CARAÏBES,"Adresse: 47 Dupré Sainte Anne, 97180, Guadeloupe",+590690928757,https://www.welinkbuilders.fr/plombier/installateur-sanitaire/chauffagiste/97180-sainte-anne-guadeloupe/plomberies-energies-caraibes-618,5.0,57,Plombier,,"Sainte-Anne, Guadeloupe",2026-01-25T15:37:28.662182,google_maps
Vanoukia Pierre-Marc,"Adresse: 6JP5+5JM, Sainte-Anne 97180, Guadeloupe",+590590889193,,5.0,57,Plombier,,"Sainte-Anne, Guadeloupe",2026-01-25T15:37:36.738921,google_maps
Plomberie Technique Ajas,"Adresse: Section Bérard, Sainte-Anne 97180, Guadeloupe",+590690355004,,5.0,57,,,"Sainte-Anne, Guadeloupe",2026-01-25T15:37:40.901661,google_maps
Loic SIMON,"Adresse: residence les embruns, Le Moule 97160, Guadeloupe",0670678393,,5.0,9,Plombier,,"Le Moule, Guadeloupe",2026-01-25T15:39:23.809300,google_maps
JFS Plomberie,"Adresse: 15 rue lionel meloir, Le Moule 97160, Guadeloupe",+590690965563,,5.0,9,Plombier,,"Le Moule, Guadeloupe",2026-01-25T15:39:27.828768,google_maps
Ramade Freddy,,+590690328293,,5.0,9,Plombier,,"Le Moule, Guadeloupe",2026-01-25T15:39:31.707039,google_maps
Nicolas Dauré Plomberie,,+590690500379,,5.0,9,Plombier,,"Le Moule, Guadeloupe",2026-01-25T15:39:34.926268,google_maps
PLOMBERIE PLUS,,+590690477362,,5.0,39,Plombier,,"Capesterre-Belle-Eau, Guadeloupe",2026-01-25T15:40:52.768883,google_maps
ETS POMMEZ - Quincaillerie Saint-Jean - Capesterre-Belle-Eau,"Adresse: Rue de l'Ilet Perou, Capesterre-Belle-Eau 97130, Guadeloupe",+590590861718,http://www.etspommez.fr/,5.0,39,Magasin d'articles de salle de bains,,"Capesterre-Belle-Eau, Guadeloupe",2026-01-25T15:40:56.933497,google_maps
ITS PLOMBERIE SERVICES,,+590690601277,,5.0,39,Plombier,,"Capesterre-Belle-Eau, Guadeloupe",2026-01-25T15:41:03.490813,google_maps
RTN Plomberie et Climatisation,"Adresse: 130, Allée de l'industrie, ZA Les Pères Blancs, Baillif 97123, Guadeloupe",+590690927515,,4.8,5,Plombier,,"Basse-Terre, Guadeloupe",2026-01-25T15:42:22.437954,google_maps
Plomberie 97,,+590690295339,https://www.plomberie97.fr/?utm_medium=referral&utm_source=gmb&utm_campaign=lnk-gmb,4.8,5,Plombier,,"Basse-Terre, Guadeloupe",2026-01-25T15:42:25.106029,google_maps
Tranquility services,"Adresse: 2729+78M, Rue Delrieu, Basse-Terre 97100, Guadeloupe",+590690324060,,4.8,5,Électricien,,"Basse-Terre, Guadeloupe",2026-01-25T15:42:28.837799,google_maps
S.C.M.B Preira,"Adresse: ZA de Calebassier, Basse-Terre 97100, Guadeloupe",+590590812101,,4.8,5,Magasin de matériel de plomberie,,"Basse-Terre, Guadeloupe",2026-01-25T15:42:32.413946,google_maps
Plomberielise,"Adresse: groupe salinière bâtiment polka N 36, Pass. du Pont Viard, Fort-de-France 97200, Martinique",+596696294998,,4.6,40,Plombier,,"Fort-de-France, Martinique",2026-01-25T15:43:24.826143,google_maps
KI PWOBLEM KI NI,"Adresse: Quartier Bas Maternité, Rue du Dr Victor Fouche, Fort-de-France 97200, Martinique",+596696020024,,4.6,40,Plombier,,"Fort-de-France, Martinique",2026-01-25T15:43:27.991908,google_maps
EURO PLOMBERIE,"Adresse: 12 Avenue Du Professeur Turiaf, Cité Dillon, Fort-de-France 97200, Martinique",+596696822346,http://plombier-martinique.com/?utm_medium=referral&utm_source=gmb&utm_campaign=lnk-gmb,4.6,40,Plombier,,"Fort-de-France, Martinique",2026-01-25T15:43:32.327327,google_maps
"Home Secours- serrurier, plombier, électricien","Adresse: 617 Rue Rosalie Soleil, Fort-de-France 97200, Martinique",+596596722722,https://homesecours.fr/accueil,4.6,40,Serrurier,,"Fort-de-France, Martinique",2026-01-25T15:43:35.038343,google_maps
Béreau Jean- plombier,"Adresse: MW48+X7R, Rte de Balata, Fort-de-France 97200, Martinique",+596696272047,https://www.jean-bereau.fr/,4.6,40,Plombier,,"Fort-de-France, Martinique",2026-01-25T15:43:37.756413,google_maps
Stop Plombier,"Adresse: 69 Rue Jules Monnerot, Fort-de-France 97200, Martinique",0596730888,https://www.stop-plombier.com/,4.6,40,Plombier,,"Fort-de-France, Martinique",2026-01-25T15:43:40.524685,google_maps
MonPlombier,"Adresse: Zac de Riviere-Roche, Bat E4, Fort-de-France 97200, Martinique",+596596610416,,4.6,40,Plombier,,"Fort-de-France, Martinique",2026-01-25T15:43:44.121889,google_maps
Mecalv Plomberie,"Adresse: 105 Rte des Religieuses, Fort-de-France 97200, Martinique",+596596310300,http://xn--socit-esab.com/,4.6,40,Plombier,,"Fort-de-France, Martinique",2026-01-25T15:43:47.707714,google_maps
Plomb'Assistance,"Adresse: 33 Rue de la Lampe d'Aladin, Fort-de-France 97200, Martinique",0596428622,https://www.plombassistance.fr/,4.6,40,Plombier,,"Fort-de-France, Martinique",2026-01-25T15:43:50.502468,google_maps
Plomberie Habitat,,+596696298100,,4.6,40,Plombier,,"Fort-de-France, Martinique",2026-01-25T15:43:54.130663,google_maps
Plomberie Environnement,"Adresse: 49 Rte de L Entraide, Fort-de-France 97200, Martinique",+596596735573,http://plomberieenvironnement.com/,4.6,40,Plombier,,"Fort-de-France, Martinique",2026-01-25T15:43:56.826628,google_maps
E.B Plomberie et Travaux Divers,,+596696206952,https://www.facebook.com/profile.php?id=61584235671334,4.6,40,Plombier,,"Fort-de-France, Martinique",2026-01-25T15:43:59.829999,google_maps
SOPAM ANTILLES,"Adresse: 12 rue des Arts et métier, Lot Dillon Stade, Fort-de-France 97200, Martinique",+596696982012,,4.6,40,Plombier,,"Fort-de-France, Martinique",2026-01-25T15:44:02.789089,google_maps
Alerte Alain,"Adresse: 18 Rte de Cluny, Fort-de-France 97200, Martinique",0596637961,,4.6,40,Plombier,,"Fort-de-France, Martinique",2026-01-25T15:44:06.393005,google_maps
Plomberie nm services,"Adresse: Lot st Antoine, Rte de Balata, Fort-de-France 97234, Martinique",+596696688086,,4.6,40,Plombier,,"Fort-de-France, Martinique",2026-01-25T15:44:10.322974,google_maps
Plocara,"Adresse: Les Hauts de Morne, Av. de Dillon, Fort-de-France 97200, Martinique",+596596500434,http://www.sopsa-plomberie.fr/martinique/plocara-magasin-sanitaire-salle-de-bain-cuisine,4.6,40,Magasin de matériel de plomberie,,"Fort-de-France, Martinique",2026-01-25T15:44:12.736810,google_maps
Clean Plomberie,,+596696004121,https://cleanplomberie.com/,4.6,40,Plombier,,"Fort-de-France, Martinique",2026-01-25T15:44:16.576501,google_maps
S.i.p.a.c,"Adresse: 2 Rue de la Rejane, Fort-de-France 97200, Martinique",0596300504,,4.6,40,Plombier,,"Fort-de-France, Martinique",2026-01-25T15:44:19.426702,google_maps
Cédric Tinaugus Plombier Martinique,"Adresse: quartier bois soldat, Le François 97240, Martinique",+596696236560,,4.6,40,Plombier,,"Fort-de-France, Martinique",2026-01-25T15:44:23.279003,google_maps
JEP Services,"Adresse: 40 Av. Louis Georges Plissonneau, Fort-de-France 97200, Martinique",0696304507,,4.6,40,Plombier,,"Fort-de-France, Martinique",2026-01-25T15:44:26.240316,google_maps
Jo Plomberie 972,"Adresse: 2 Petite Tracee, Gros-Morne 97213, Martinique",+596696024488,,4.6,40,Plombier,,"Fort-de-France, Martinique",2026-01-25T15:44:34.838977,google_maps
DPSCE,,+596696917785,,4.6,40,Plombier,,"Fort-de-France, Martinique",2026-01-25T15:44:37.946119,google_maps
S.P.I. Plomberie,"Adresse: JXC9+M4W, Lot. les Hauts de Californie, Lamentin (Le 97232, Martinique",0596571480,,4.3,3,Plombier,,"Le Lamentin, Martinique",2026-01-25T15:45:31.057223,google_maps
M.t.p.p M.t.plomberie Plus,"Adresse: Habitation Bois Carre, Lamentin (Le) 97232, Martinique",0596511698,,4.3,3,Plombier,,"Le Lamentin, Martinique",2026-01-25T15:45:33.532339,google_maps
Plomberie Dom Californie,"Adresse: Lot. les Hauts de Californie, Le Lamentin 97232, Martinique",+596596425505,http://www.plomberiedom.com/,4.3,3,Magasin de matériel de plomberie,,"Le Lamentin, Martinique",2026-01-25T15:45:37.690566,google_maps
Plomberie Dom Lézarde,"Adresse: ZI la Lezarde, Le Lamentin 97232, Martinique",+596596571480,https://plomberiedom.com/,4.3,3,Magasin de matériel de plomberie,,"Le Lamentin, Martinique",2026-01-25T15:45:44.176331,google_maps
Benoit Multiservices,,+596696746740,https://www.facebook.com/Beno%C3%AEt-multiservices-672023852996647/,4.3,3,Plombier,,"Le Lamentin, Martinique",2026-01-25T15:45:48.291693,google_maps
TSPLOMBERIE,"Adresse: ZI la Lezarde, Le Lamentin 97232, Martinique",+596696197640,,4.3,3,Plombier,,"Le Lamentin, Martinique",2026-01-25T15:45:52.277285,google_maps
AFP COTTRELL Plomberie,"Adresse: N4, Petit Pré, Quartier Mahault, Le Lamentin 97232, Martinique",+596596666010,http://www.cottrell-martinique.fr/Mahault-AFP,4.3,3,Magasin de matériel de plomberie,,"Le Lamentin, Martinique",2026-01-25T15:45:59.069994,google_maps
DEFI PLOMBERIE,,+596696892003,,4.3,3,Plombier,,"Le Lamentin, Martinique",2026-01-25T15:46:18.115483,google_maps
Top plomberie972,,+596696531639,,4.3,3,Plombier,,"Le Lamentin, Martinique",2026-01-25T15:46:26.079538,google_maps
Plomberie Dom Ducos,"Adresse: ZA Champigny, Ducos 97224, Martinique",+596596771500,https://plomberiedom.com/,4.3,3,Magasin de matériel de plomberie,,"Le Lamentin, Martinique",2026-01-25T15:46:29.554678,google_maps
SaniPro Services,,+596696321926,https://sites.google.com/view/sanipro-services972/accueil,4.3,3,Plombier,,"Le Lamentin, Martinique",2026-01-25T15:46:32.147047,google_maps
COTTRELL MATERIAUX & COTTRELL CARRELAGE - MANGOT VULCIN,"Adresse: Route du vert Pré, Mangot Vulcin, Le Lamentin 97232, Martinique",+596596391515,https://cottrell-martinique.fr/trouver-votre-magasin/mangot-vulcin/,4.3,3,Magasin de materiaux de construction,,"Le Lamentin, Martinique",2026-01-25T15:46:48.096720,google_maps
Bing plomberie,,+596696074170,,4.9,8,Plombier,,"Le Robert, Martinique",2026-01-25T15:48:05.745003,google_maps
Clérima Vidange Assainissement Martinique,"Adresse: 7 Rue Pois Doux, Robert (Le, Le Robert 97231, Martinique",+596596506666,https://www.clerimavidange.com/,4.9,8,Service d'entretien et de réparation de fosses septiques,,"Le Robert, Martinique",2026-01-25T15:48:28.615493,google_maps
NUBELEC,"Adresse: Quartier Boutaud Le Robert MQ 97231, Le Robert, Martinique",+596696419899,,4.9,8,Électricien,,"Le Robert, Martinique",2026-01-25T15:48:40.961564,google_maps
Plomberie Dom Trinité,"Adresse: 58, rue des Artisans Zac du bac, Trinité 97220, Martinique",+596596300500,https://plomberiedom.com/,4.9,8,Magasin de matériel de plomberie,,"Le Robert, Martinique",2026-01-25T15:48:43.247617,google_maps
Mérine SARL,"Adresse: Four A Chaux, Le Robert 97231, Martinique",+596596651052,https://www.facebook.com/MerineSARL/?utm_source=gmb,4.9,8,Magasin de materiaux de construction,,"Le Robert, Martinique",2026-01-25T15:48:56.703426,google_maps
pac plomberie vidange,"Adresse: 70 Bis Pointe de Jaham – Fonds Batelière, Schoelcher 97233, Martinique",0596615701,http://pacplomberievidange.fr/,4.6,40,Plombier,,"Schoelcher, Martinique",2026-01-25T15:50:27.008377,google_maps
Plomberie Quitman Eurl,"Adresse: Schoelcher 97233, Martinique",0596720863,,4.6,40,Plombier,,"Schoelcher, Martinique",2026-01-25T15:50:31.104855,google_maps
PAC ENVIRONNEMENT BTP,"Adresse: 70 Bis Pointe de Jaham, Fonds Bateliere, Schoelcher 97233, Martinique",+596596615701,https://www.facebook.com/PACENVIRONNEMENTBTP/about,4.6,40,Plombier,,"Schoelcher, Martinique",2026-01-25T15:50:45.715717,google_maps
SMDS (Société Martiniquaise de Distribution et de Services),"Adresse: 97233 Lot. Petit Tamarin, Schoelcher 97233, Martinique",+596596610342,,4.6,40,Plombier,,"Schoelcher, Martinique",2026-01-25T15:50:56.193831,google_maps
Qualiblue Martinique,"Adresse: 4 Rue Vincent Placoly Plateau fofo Schoelcher, 97233, Martinique",+596696720420,https://qualiblue.com/,4.6,40,Services aux entreprises,,"Schoelcher, Martinique",2026-01-25T15:51:02.433428,google_maps
Singamalum Entreprise,"Adresse: Quartier Morne Poirier Bonneville, La Trinité 97220, Martinique",+596696849357,,4.0,4,Plombier,,"Sainte-Marie, Martinique",2026-01-25T15:52:21.877287,google_maps
Excellence Thermique,"Adresse: Gros-Morne 97213, Martinique",+596696963129,,4.0,4,Plombier,,"Sainte-Marie, Martinique",2026-01-25T15:52:28.002407,google_maps
Services Tout en Un,"Adresse: 66 Rue du Temple, Sainte-Marie 97230, Martinique",+596696024488,,4.0,4,Carreleur,,"Sainte-Marie, Martinique",2026-01-25T15:52:35.091473,google_maps
COTTRELL SAINTE-MARIE,"Adresse: 1 Rue du Commerce, Sainte-Marie 97230, Martinique",+596596508181,http://www.cottrell-martinique.fr/Sainte-Marie,4.0,4,Magasin de materiaux de construction,,"Sainte-Marie, Martinique",2026-01-25T15:52:52.407997,google_maps
Plomberie & Compagnie,"Adresse: Voie N°7, La Trinité 97220, Martinique",+596696412087,,4.0,4,Plombier,,"Sainte-Marie, Martinique",2026-01-25T15:52:54.818636,google_maps
GF Agencement Services,"Adresse: J344+976, morne pitault, Morne l'Enfer 1, Le François 97240, Martinique",+596696458454,,4.9,8,Plombier,,"Le François, Martinique",2026-01-25T15:54:11.060408,google_maps
Express Plomberie,"Adresse: Quartier, Rte de Grande Savane, Ducos 97224, Martinique",+596696459853,,3.5,2,Plombier,,"Ducos, Martinique",2026-01-25T15:55:25.414334,google_maps
Plomberie Caraibe Ducos,"Adresse: Quartier Cocotte, Ducos 97224, Martinique",+596596772701,http://www.sopsa-plomberie.fr/martinique/plomberie-caraibe-magasin-trinite-ducos-sanitaire-tp-vrd-assainissement,3.5,2,Magasin de matériel de plomberie,,"Ducos, Martinique",2026-01-25T15:55:31.104389,google_maps
Astec-Caraibe,"Adresse: 317 chemin mangot mouchach quartier, Rte de Fond d'Or, Ducos 97224, Martinique",+596696239717,,3.5,2,Plombier,,"Ducos, Martinique",2026-01-25T15:55:33.435372,google_maps
Loriot Jean-Pierre Thomas,"Adresse: Ducos 97224, Martinique",0596562336,,3.5,2,Plombier,,"Ducos, Martinique",2026-01-25T15:55:36.789683,google_maps
Plomberie Dom Rivière salée,"Adresse: Rue Mandela, ZAC de l'Espérance, Rivière-Salée 97215, Martinique",+596596521500,https://plomberiedom.com/,5.0,3,Magasin de matériel de plomberie,,"Rivière-Salée, Martinique",2026-01-25T15:56:48.665398,google_maps
Pluie & Vie,"Adresse: 4 Voie de l'espérance, Rivière-Salée 97215, Martinique",+596596606380,http://www.pluie-et-vie.com/,5.0,3,Fournisseur de citernes d'eau de pluie,,"Rivière-Salée, Martinique",2026-01-25T15:56:52.729197,google_maps
DEPSC,"Adresse: 4, 97300 Rue du Château D’Eau, Cayenne, Guyane française",+594694153494,https://www.facebook.com/depsc973/?locale=fr_FR&utm_source=gmb,5.0,1,Travaux généraux,,"Cayenne, Guyane",2026-01-25T15:58:06.524902,google_maps
Plomberie Dom,"Adresse: 1, 97300 Rue Raoul Tanon de Pelissier, Cayenne, Guyane française",+594594250320,https://www.facebook.com/plomberiedomguyane/?locale=fr_FR,5.0,1,Magasin de matériel de plomberie,,"Cayenne, Guyane",2026-01-25T15:58:09.096776,google_maps
Plombeco Guyane,"Adresse: 14 Rue des libéllules, Cayenne 97300, Guyane française",+594594379974,,5.0,1,Plombier,,"Cayenne, Guyane",2026-01-25T15:58:12.493589,google_maps
PCS Plomberie,"Adresse: 24 Cité Mortin, Cayenne 97300, Guyane française",+594594351277,,5.0,1,Plombier,,"Cayenne, Guyane",2026-01-25T15:58:15.137844,google_maps
Plomberie Créa Rénov,"Adresse: Rue fleur d’ébène, Remire-Montjoly 97354, Guyane française",+594694454114,https://www.instagram.com/plomberie_crearenov/,5.0,1,Plombier,,"Cayenne, Guyane",2026-01-25T15:58:18.894458,google_maps
AB Fosse,"Adresse: Angle 1035 Rte de Baduel &, 97300 Imp. Aloés, Cayenne, Guyane française",+594594318998,https://www.abfoss.com/?utm_source=gmb,5.0,1,Plombier,,"Cayenne, Guyane",2026-01-25T15:58:21.299249,google_maps
Distribution En Plomberie Et Sanitaire,"Adresse: ZI Terca - Carrefour du Larivot, Matoury 97351, Guyane française",+594594350989,http://www.sopsa-plomberie.fr/guyane/dps-matoury/magasin-sanitaire-salle-de-bain-cuisine,5.0,1,Magasin de matériel de plomberie,,"Cayenne, Guyane",2026-01-25T15:58:24.760841,google_maps
PLOMBERIE DANTIN,,+594694948209,,5.0,1,Plombier,,"Cayenne, Guyane",2026-01-25T15:58:27.856423,google_maps
Home Rénovation Plus,,+594694378710,https://www.facebook.com/profile.php?id=100083301341134,5.0,1,Plombier,,"Cayenne, Guyane",2026-01-25T15:58:30.883401,google_maps
SOS Fosse,"Adresse: 339 Cité Jean François, Rue du Cne Bernard, Cayenne 97300, Guyane française",+594694910018,https://www.sos-fosse.fr/,5.0,1,Service d'assainissement,,"Cayenne, Guyane",2026-01-25T15:58:33.393277,google_maps
Qualiblue Guyane,"Adresse: 4 lot Calimede route de Cabassou Cayenne, 97300, Guyane française",+594694153494,https://qualiblue.com/,5.0,1,Services aux entreprises,,"Cayenne, Guyane",2026-01-25T15:58:36.143546,google_maps
DOCTEUR PLOMBIER SAS,"Adresse: Residence Lac Almaric, Remire-Montjoly 97354, Guyane française",+594594352651,https://www.docteur-plombier.com/,5.0,1,Plombier,,"Cayenne, Guyane",2026-01-25T15:58:39.102155,google_maps
M.L.N Plomberie,,+594694473423,,5.0,1,Plombier,,"Cayenne, Guyane",2026-01-25T15:58:42.635903,google_maps
Solution Plomberie & Multiservices,,+594694082859,https://www.instagram.com/spm_973_,5.0,1,Plombier,,"Cayenne, Guyane",2026-01-25T15:58:45.485445,google_maps
Société Guyanaise de Plomberie,"Adresse: 700 A, Chem. Gibelin, Matoury 97351, Guyane française",+594594357613,,5.0,1,Magasin de matériel de plomberie,,"Cayenne, Guyane",2026-01-25T15:58:48.019073,google_maps
SODIGIS DISTRIBUTION,"Adresse: 1 Rue Gilles Behary Laul Sirder Zone industrielle Collery Ouest, 97300, Guyane française",+594594351415,https://www.sodigis-cayenne.fr/,5.0,1,Fournisseur de gaz industriel,,"Cayenne, Guyane",2026-01-25T15:58:51.896631,google_maps
Société MultI Travaux (S.M.I.T),"Adresse: 10 Av. Henri Agarande, Cayenne 97300, Guyane française",+594694035334,,5.0,1,Plombier,,"Cayenne, Guyane",2026-01-25T15:58:54.788145,google_maps
AQUASUN sarl,"Adresse: 4 Lot. Les Alamandas, montjoly 97354, Guyane française",+594694401480,https://aquasun-guyane.fr/,5.0,1,Plombier,,"Cayenne, Guyane",2026-01-25T15:58:58.715204,google_maps
Tessa Plomberie,"Adresse: 1 Avenue gustave charlery, Rte de Montabo, 97300, Guyane française",+594694153494,,5.0,1,Magasin de matériel de plomberie,,"Cayenne, Guyane",2026-01-25T15:59:02.426361,google_maps
Sasu dr services,"Adresse: 340 Route Nationale 2, Rondpoint Califourchon Matoury, 97351, Guyane française",+594694957440,https://www.facebook.com/sasudrservices/,4.0,18,Plombier,,"Matoury, Guyane",2026-01-25T16:00:33.524388,google_maps
Caraïbe plomberie,"Adresse: la chaumière, 9 lot les loussais, Matoury 97350, Guyane française",+594694459686,,4.0,18,Plombier,,"Matoury, Guyane",2026-01-25T16:00:37.621507,google_maps
ATF BATISERVICES,"Adresse: 9 Rue Giroflier, Remire-Montjoly 97354, Guyane française",+594694376592,https://www.instagram.com/atfbatiservices?igsh=MTd3N2c0YzA5aXA1dg==,4.0,18,Plombier,,"Matoury, Guyane",2026-01-25T16:00:47.117543,google_maps
DLI PLOMBERIE,"Adresse: 6989 avenue christophe colomb saint laurent du maroni, 97320, Guyane française",+594694491132,,5.0,6,Plombier,,"Saint-Laurent-du-Maroni, Guyane",2026-01-25T16:01:32.912367,google_maps
911 CLIM DEPANNAGE,"Adresse: 1 Rue Thiers, Saint-Laurent-du-Maroni 97320, Guyane française",+594694426917,http://www.911climdepannage.fr/,5.0,6,Fournisseur de systèmes de climatisation,,"Saint-Laurent-du-Maroni, Guyane",2026-01-25T16:01:36.754130,google_maps
Monsieur Clim,"Adresse: Avenue Gaston Monerville 230, Saint-Laurent-du-Maroni 97320, Guyane française",+594694991111,http://www.monsieurclim.gf/,5.0,6,Fournisseur de systèmes de climatisation,,"Saint-Laurent-du-Maroni, Guyane",2026-01-25T16:01:39.908146,google_maps
MAPABAT,"Adresse: 1257 Avenue Gaston Monnerville, Saint-Laurent-du-Maroni 97320, Guyane française",0649096990,,5.0,6,Plombier,,"Saint-Laurent-du-Maroni, Guyane",2026-01-25T16:01:42.806849,google_maps
SAS BAA PLOMBERIE,,+594694294509,,5.0,6,Plombier,,"Saint-Laurent-du-Maroni, Guyane",2026-01-25T16:01:45.310353,google_maps
Plomb' Express Guyane,"Adresse: 15 Rue des Freres Amet, Kourou 97310, Guyane française",+594594323162,,4.7,3,Plombier,,"Kourou, Guyane",2026-01-25T16:02:57.732977,google_maps
POLAR-PRO FRANCE climatisation et plomberie,"Adresse: com/channel/UCHjnpTAZV6koDnBXNp_m97w, 1 Avenue des Frères Kennedy https://www.youtube, Kourou 97310, Guyane française",+594594323162,https://www.facebook.com/POLARPRO973,4.7,3,Service de réparation de systèmes de climatisation,,"Kourou, Guyane",2026-01-25T16:03:00.549830,google_maps
Seid'immo / Plomberie,,+594694006043,https://www.seidimmo.com/?utm_source=google&utm_medium=wix_google_business_profile&utm_campaign=12748708477300162677,4.7,3,Plombier,,"Kourou, Guyane",2026-01-25T16:03:03.992334,google_maps
PLOMBERIE EXPRESS 974,"Adresse: 119 Rue Lory Les Bas, Saint-Denis 97400, La Réunion",+262693522861,,5.0,116,Plombier,,"Saint-Denis, La Réunion",2026-01-25T16:05:16.595618,google_maps
TEDDY DEPANNAGE PLOMBERIE,"Adresse: 9 Rue Mgr Mondon, Saint-Denis 97400, La Réunion",+262693496425,,5.0,116,Plombier,,"Saint-Denis, La Réunion",2026-01-25T16:05:20.492669,google_maps
Express Dépannage Plomberie Electricité EDPE,,+262693498535,https://edpe.re/?utm_source=gmb,5.0,116,Plombier,,"Saint-Denis, La Réunion",2026-01-25T16:05:23.955247,google_maps
PRO H2O REUNION,,+262692028112,,5.0,116,Plombier,,"Saint-Denis, La Réunion",2026-01-25T16:05:26.986397,google_maps
Pro Btp Réunion EURL,"Adresse: 114 Rue Monthyon, Saint-Denis 97400, La Réunion",+262692451858,http://www.pro-btp-reunion.fr/?utm_source=gmb,5.0,116,Plombier,,"Saint-Denis, La Réunion",2026-01-25T16:05:30.799479,google_maps
SARL Plomberie Depann Express,"Adresse: 43 Rue Méziaires Guignard, Saint-Denis 97490, La Réunion",+262692651291,,5.0,116,Plombier,,"Saint-Denis, La Réunion",2026-01-25T16:05:33.652328,google_maps
JLKY Entreprise,"Adresse: 40 Rue lory les hauts, Saint-Denis 97490, La Réunion",+262692853826,https://www.facebook.com/JLKYentreprise/,5.0,116,Plombier,,"Saint-Denis, La Réunion",2026-01-25T16:05:36.266139,google_maps
Plomberie Réunion Distribution (PRD),"Adresse: 11 Rue Pierre Aubert, Saint-Denis 97490, La Réunion",+262262972620,https://www.plomberie-reunion-distribution.com/?utm_source=gmb,5.0,116,Magasin de matériel de plomberie,,"Saint-Denis, La Réunion",2026-01-25T16:05:40.495608,google_maps
Service dépannage plomberie,,+262692427903,https://business.google.com/v/_/AKsrIN0foY_kRqkPXkUtvV2LdZ-bws_56_FopEufozAjNzRxQE1tGw/f027/_?exp=1778401&myads=1,5.0,116,Plombier,,"Saint-Denis, La Réunion",2026-01-25T16:05:44.189427,google_maps
W Plomberie Saint-Denis 974,"Adresse: 153 Chem. de la Source, Saint-Denis 97400, La Réunion",+262692971970,https://www.wplomberie.re/,5.0,116,Service d'assainissement,,"Saint-Denis, La Réunion",2026-01-25T16:05:47.997814,google_maps
EDPV,"Adresse: 71 Chemin de L Eveche, Saint-Denis 97400, La Réunion",+262693885948,,5.0,116,Plombier,,"Saint-Denis, La Réunion",2026-01-25T16:05:51.236411,google_maps
HAUTE DEFINITION PLOMBERIE,"Adresse: 189 Rue Jules Auber, Saint-Denis 97400, La Réunion",+262692197722,,5.0,116,Plombier,,"Saint-Denis, La Réunion",2026-01-25T16:05:54.174948,google_maps
Saidali Hamissi,"Adresse: 9 Av. Des Cocotiers, Saint-Denis 97400, La Réunion",+262693835667,,5.0,116,Plombier,,"Saint-Denis, La Réunion",2026-01-25T16:05:56.888766,google_maps
Sobek plomberie 974,,+262693879023,,5.0,116,Plombier,,"Saint-Denis, La Réunion",2026-01-25T16:05:59.526279,google_maps
FO-YAM Climatisation,"Adresse: 33 Rue Charles Gounod, Saint-Denis 97400, La Réunion",+262262200286,http://www.foyam.com/,5.0,116,Fournisseur de systèmes de climatisation,,"Saint-Denis, La Réunion",2026-01-25T16:06:02.262301,google_maps
JB Plomberie Service,"Adresse: 2 All. Francois Mauriac, Saint-Denis 97490, La Réunion",+262693522861,,5.0,116,Plombier,,"Saint-Denis, La Réunion",2026-01-25T16:06:05.572555,google_maps
Salaï Plomberie,"Adresse: ZA Foucherolles, 14 Rue de la Guadeloupe, Saint-Denis 97490, La Réunion",+262692205834,,5.0,116,Plombier,,"Saint-Denis, La Réunion",2026-01-25T16:06:09.014075,google_maps
SARL ZINGUADE DEPANNAGES,"Adresse: 126, rue Roland Garros, Saint Denis, La Réunion 97400, La Réunion",0262485871,,5.0,116,Plombier,,"Saint-Denis, La Réunion",2026-01-25T16:06:11.532420,google_maps
Sopsar,"Adresse: 9 Rue Lislet Geoffroy, ZI du Chaudron, 97490, La Réunion",+262262281417,http://www.sopsa-plomberie.fr/reunion/sopsar-magasin-saint-denis-pierre-le-port-sanitaire-tp-vrd,5.0,116,Magasin de matériel de plomberie,,"Saint-Denis, La Réunion",2026-01-25T16:06:14.528244,google_maps
desvaux plomberie,"Adresse: 386 Rue Dumesgnil D'Engente, Saint-André 97440, La Réunion",+262693548099,,5.0,116,Plombier,,"Saint-Denis, La Réunion",2026-01-25T16:06:17.417132,google_maps
Expert Fuite Réunion | Recherche de fuite d'eau et Plomberie,"Adresse: 9 Chermin Maurie Langlou, Sainte-Marie 97438, La Réunion",+262262072040,https://www.expertfuitereunion.re/,5.0,116,Entrepreneur spécialisé dans la restauration après dégât des eaux,Ouvert 24h/24·Voir plus d'horaires,"Saint-Denis, La Réunion",2026-01-25T16:06:19.792230,google_maps
JH Plomberie,,+262693841973,https://www.jhplomberie974.com/,5.0,116,Plombier,,"Saint-Denis, La Réunion",2026-01-25T16:06:27.939920,google_maps
Plombier Saint André La Réunion,,+262692241720,,5.0,116,Plombier,,"Saint-Denis, La Réunion",2026-01-25T16:06:31.867422,google_maps
Godet Frères Plomberie,"Adresse: 103 bis Ligne Chereau, Saint-Paul 97460, La Réunion",+262692478341,,3.7,3,Plombier,,"Saint-Paul, La Réunion",2026-01-25T16:07:54.850435,google_maps
PLOMBERIE DES HAUTS,"Adresse: 7 Imp. des Bananiers, Saint-Paul 97423, La Réunion",+262692088202,https://www.facebook.com/p/Plomberie-des-Hauts-100092385280028/,3.7,3,Plombier,,"Saint-Paul, La Réunion",2026-01-25T16:07:58.044958,google_maps
MC Plomberie,"Adresse: 204 Chem. du Tour des Roches, Saint-Paul 97460, La Réunion",+262693520512,https://mcplomberie974.business.site/?utm_medium=referral&utm_source=gmb,3.7,3,Plombier,,"Saint-Paul, La Réunion",2026-01-25T16:08:00.661731,google_maps
CB Plomberie _ Dépannage & installations plomberie / Entretiens climatisation,"Adresse: 89 Rue Leconte De Lisle, Saint-Paul 97434, La Réunion",+262693851395,https://www.cbplomberie.re/,3.7,3,Plombier,,"Saint-Paul, La Réunion",2026-01-25T16:08:03.683756,google_maps
Le Pogam Plomberie,"Adresse: 20 Place du Gral. de Gaulle, Saint-Paul 97460, La Réunion",+262693824784,https://www.lepogamplomberie.fr/,3.7,3,Plombier,,"Saint-Paul, La Réunion",2026-01-25T16:08:06.030812,google_maps
Sanitaire Winckel,"Adresse: 4 Chem. Tang-Kwor, Saint-Paul 97411, La Réunion",+262692478341,,3.7,3,Plombier,,"Saint-Paul, La Réunion",2026-01-25T16:08:09.725186,google_maps
MD plomberie,"Adresse: 55 All. des Étoiles, Saint-Paul 97434, La Réunion",+262692408577,,3.7,3,Plombier,,"Saint-Paul, La Réunion",2026-01-25T16:08:12.066363,google_maps
PLOMBERIE SOS COUP DE MAIN,"Adresse: 38 Rte du Vieux Flamboyant, Saint-Paul 97435, La Réunion",+262692363829,https://www.frizbiz.com/fr/profil-mounir-a-bernica,3.7,3,Plombier,,"Saint-Paul, La Réunion",2026-01-25T16:08:15.099262,google_maps
MTS PLOMBERIE 974,,+262693656953,https://mts-plomberie-974.webador.fr/,3.7,3,Plombier,,"Saint-Paul, La Réunion",2026-01-25T16:08:17.499506,google_maps
Plomberie Dépannage JMP EI,"Adresse: 10 Rue du Grand Hôtel, Saint-Paul 97434, La Réunion",+262692329867,http://plomberie-depannage-jmp.re/,3.7,3,Plombier,,"Saint-Paul, La Réunion",2026-01-25T16:08:21.033884,google_maps
Margeot Plomberie,,+262693843216,,3.7,3,Plombier,,"Saint-Paul, La Réunion",2026-01-25T16:08:24.914911,google_maps
Reunion Transition,,+262693879693,https://reuniontransition.com/,3.7,3,Plombier,,"Saint-Paul, La Réunion",2026-01-25T16:08:27.501437,google_maps
Ek'eau plomberie,"Adresse: 6bis Chem. Vadivel, Saint-Paul 97411, La Réunion",+262692216529,https://spareau.fr/,3.7,3,Plombier,,"Saint-Paul, La Réunion",2026-01-25T16:08:31.557294,google_maps
L'Atelier de Yan - Artisan plombier,,+262693631686,https://www.facebook.com/share/187tDTNygU/,3.7,3,Plombier,,"Saint-Paul, La Réunion",2026-01-25T16:08:35.208721,google_maps
Thplomberie,"Adresse: 8bis Av. de Bourbon, Saint-Paul 97424, La Réunion",+262693619637,,3.7,3,Plombier,,"Saint-Paul, La Réunion",2026-01-25T16:08:38.921121,google_maps
Run services plomberie électricité,,+262692414177,,3.7,3,Plombier,,"Saint-Paul, La Réunion",2026-01-25T16:08:42.003209,google_maps
DFEC - Détection de Fuites d'Eau avec Caméra à la Réunion,"Adresse: 8 Chem. Valfroy, Saint-Paul 97411, La Réunion",+262692036191,https://detection-fuite-eau.re/,3.7,3,Plombier,,"Saint-Paul, La Réunion",2026-01-25T16:08:44.939696,google_maps
TCPR,,0659400679,https://www.instagram.com/tcpr_974?igsh=d2Z2eHVndzVwdHdn,3.7,3,Plombier,,"Saint-Paul, La Réunion",2026-01-25T16:08:48.283444,google_maps
Maxence Caors Plomberie,"Adresse: Saint-Paul 97435, La Réunion",+262692478341,,3.7,3,Plombier,,"Saint-Paul, La Réunion",2026-01-25T16:08:52.431321,google_maps
DA SILVA DIAS PLOMBERIE,"Adresse: 54 Chem. des Longanis, Les Trois-Bassins 97426, La Réunion",+262692177611,,3.7,3,Plombier,,"Saint-Paul, La Réunion",2026-01-25T16:08:56.360482,google_maps
Plombier974 - Le Tampon - Saint Pierre - dépannage urgent plomberie,"Adresse: 39 Chem. Nassibou, Saint-Pierre 97410, La Réunion",+262692176842,https://www.plombier974.fr/,5.0,171,Plombier,,"Saint-Pierre, La Réunion",2026-01-25T16:10:10.803034,google_maps
Plombier IJY,"Adresse: 26 Rue Raymond Begue, Saint-Pierre 97432, La Réunion",+262692425960,,5.0,171,Plombier,,"Saint-Pierre, La Réunion",2026-01-25T16:10:14.483589,google_maps
Ple.Plomberie.Depannage.,"Adresse: 4 rue pierre joseph, Saint-Pierre 97410, La Réunion",+262693476272,,5.0,171,Plombier,,"Saint-Pierre, La Réunion",2026-01-25T16:10:17.142563,google_maps
AS Plomberie,"Adresse: 24 che, Chem. Terrain D Aviation, 97410, La Réunion",+262693978364,https://www.asplomberie.fr/,5.0,171,Siège social,,"Saint-Pierre, La Réunion",2026-01-25T16:10:19.445481,google_maps
oté plombier,"Adresse: 70 All. Nelson Mandela, Saint-Pierre 97410, La Réunion",+262692939472,,5.0,171,Plombier,,"Saint-Pierre, La Réunion",2026-01-25T16:10:22.995397,google_maps
AB Sud Plomberie,"Adresse: Piscine de Trois Mares, Le Tampon 97430, La Réunion",+262262715757,http://absudplomberie.com/,5.0,171,Plombier,,"Saint-Pierre, La Réunion",2026-01-25T16:10:29.608242,google_maps
D.S Plomberie,,+262692426601,https://billdu.me/d-s-plomberie-1,5.0,171,Plombier,,"Saint-Pierre, La Réunion",2026-01-25T16:10:32.347191,google_maps
SARL Réunion Plomberie Pro,"Adresse: 21 Av. Charles Isautier, Saint-Pierre 97410, La Réunion",+262262711074,,5.0,171,Quincaillerie,,"Saint-Pierre, La Réunion",2026-01-25T16:10:35.264421,google_maps
Plomberie.Com,"Adresse: 3 Imp. Hector Lallemand, Saint-Pierre 97432, La Réunion",+262262599665,https://www.materiel-plomberie-974.re/,5.0,171,Magasin de matériel de plomberie,,"Saint-Pierre, La Réunion",2026-01-25T16:10:38.230298,google_maps
SPRGB,"Adresse: 13 All. des Jujubes, St pierre 97410, La Réunion",+262692145819,,5.0,171,Plombier,,"Saint-Pierre, La Réunion",2026-01-25T16:10:40.805652,google_maps
SCP,"Adresse: 3 Rue Des Mimosas, Saint-Pierre 97410, La Réunion",+262693639144,https://www.facebook.com/profile.php?id=61567251715960,5.0,171,Plombier,,"Saint-Pierre, La Réunion",2026-01-25T16:10:43.251523,google_maps
Helder,"Adresse: 72 Rue Benoite Boulard, Saint-Pierre 97410, La Réunion",+262262353252,http://helder.re/,5.0,171,Magasin de matériel de plomberie,,"Saint-Pierre, La Réunion",2026-01-25T16:10:46.759494,google_maps
Intervention Réunion : Plombier étang salé (97427) | Dépannage Urgence,,+262692021352,https://xn--intervention-runion-ozb.my.canva.site/,5.0,171,Plombier,,"Saint-Pierre, La Réunion",2026-01-25T16:10:49.458348,google_maps
Mascareigne plomberie,,+262693135692,,5.0,171,Plombier,,"Saint-Pierre, La Réunion",2026-01-25T16:10:53.662127,google_maps
W Plomberie Travaux VRD,"Adresse: 33 Prom. Des Alizes, Saint-Pierre 97410, La Réunion",+262692971970,,5.0,171,Plombier,,"Saint-Pierre, La Réunion",2026-01-25T16:10:57.796591,google_maps
L’eau mahaveli,"Adresse: 20 Chem. Furcy, Saint-Pierre 97410, La Réunion",+262693538712,,5.0,171,Plombier,,"Saint-Pierre, La Réunion",2026-01-25T16:11:00.784888,google_maps
Plombier Purenov,"Adresse: 136 Rue Albert Frejaville, Le Tampon 97430, La Réunion",+262693527615,https://plombier-le-tampon-purenov.my.canva.site/,4.8,164,Plombier,,"Le Tampon, La Réunion",2026-01-25T16:12:04.186632,google_maps
Artisan'eau,,+262692477723,http://artisaneau.re/,4.8,164,Plombier,,"Le Tampon, La Réunion",2026-01-25T16:12:06.794399,google_maps
PLOMBERIE DEPANNAGE JMP EI,,+262692329867,http://www.plomberie-depannage-jmp.fr/,4.8,164,Plombier,,"Le Tampon, La Réunion",2026-01-25T16:12:10.442085,google_maps
MAB ALUMINIUM,"Adresse: 36 Rue des Lianes d’or TAMPON, 97430, La Réunion",+262692476014,https://plomberie-sg.com/,4.8,164,Plombier,Fermé · Ouvre à 07:00·Voir plus d'horaires,"Le Tampon, La Réunion",2026-01-25T16:12:17.879636,google_maps
Osmose plomberie et climatisation,,+262693918046,http://osmoseplomberie.com/,4.8,164,Plombier,,"Le Tampon, La Réunion",2026-01-25T16:12:24.422876,google_maps
Matt plomberie multi services,,+262693310585,,4.8,164,Plombier,,"Le Tampon, La Réunion",2026-01-25T16:12:28.249669,google_maps
PAYET MULTI SERVICES REUNION,"Adresse: 151 A Chemin Philidor Techer, Le Tampon 97418, La Réunion",+262692666416,https://www.pmsr974.com/?utm_medium=referral&utm_source=gmb&utm_campaign=lnk-gmb,4.8,164,Plombier,,"Le Tampon, La Réunion",2026-01-25T16:12:33.866080,google_maps
RGS PRO SERVICE,"Adresse: 5 Imp. Gaston Doumergue, Le Tampon 97430, La Réunion",+262262273353,https://rgs.re/,4.8,164,Plombier,,"Le Tampon, La Réunion",2026-01-25T16:12:36.955975,google_maps
W Plomberie & Pompes de Relevage,"Adresse: 15 Chem. du Portail, Le Tampon 97430, La Réunion",+262692971970,https://business.google.com/v/w-plomberie/0908982692664659979/0b3e/_?caid=20434053725&agid=154974222369&gclid=EAIaIQobChMI_bqGq_b0gAMVow8GAB2_1gMXEAAYASAAEgJoWfD_BwE,4.8,164,Service d'assainissement,,"Le Tampon, La Réunion",2026-01-25T16:12:40.747632,google_maps
Sanit'Air,"Adresse: 54 Chemin Mondon ZA, Le Tampon 97430, La Réunion",+262262911632,http://sanitair.re/,4.8,164,Magasin de matériel de plomberie,,"Le Tampon, La Réunion",2026-01-25T16:12:44.028370,google_maps
BT Plomberie 974,,+262262715757,,4.8,164,Plombier,,"Le Tampon, La Réunion",2026-01-25T16:12:47.155701,google_maps
SARL EPSC,"Adresse: 56, Rue Mondon ZA Trois Mares, Le Tampon 97430, La Réunion",+262262599036,,4.8,164,Plombier,,"Le Tampon, La Réunion",2026-01-25T16:12:49.974909,google_maps
Fluides plomberie service,,+262692688953,https://fps.re/,4.8,164,Plombier,,"Le Tampon, La Réunion",2026-01-25T16:13:03.693222,google_maps
PSR plomberie,"Adresse: Rue de Cambuston, Saint-André 97440, La Réunion",+262692553031,,3.7,3,Plombier,,"Saint-André, La Réunion",2026-01-25T16:14:31.910335,google_maps
Plumbing&Electricity Services 974,,+262693507039,https://plumbingelectricityservices974.my.canva.site/,3.7,3,Électricien,,"Saint-André, La Réunion",2026-01-25T16:14:35.985603,google_maps
Bastien Plomberie Services,,+262693218990,,3.7,3,Plombier,,"Saint-André, La Réunion",2026-01-25T16:14:38.759584,google_maps
EMR PLOMBERIE SOLAIRE DEPANNAGE,,+262693843460,,3.7,3,Plombier,,"Saint-André, La Réunion",2026-01-25T16:14:42.211517,google_maps
SOS Fuites 974 - Spécialiste en Recherche de Fuite d'Eau à La Réunion,,+262692722084,http://www.sosfuites974.fr/,3.7,3,Plombier,,"Saint-André, La Réunion",2026-01-25T16:14:45.898759,google_maps
AR BTP EI,"Adresse: 2718 Chem. Lefaguyes, Saint-André 97440, La Réunion",+262692385067,https://arbtp.re/,3.7,3,Électricien,,"Saint-André, La Réunion",2026-01-25T16:14:55.874060,google_maps
Entreprise BARDEUR,"Adresse: 171 Rue des Sensitives, la Cressonniere 97440, La Réunion",+262692685341,,3.7,3,Plombier,,"Saint-André, La Réunion",2026-01-25T16:14:59.743549,google_maps
W Plomberie Solaire,"Adresse: 24a chemin des oiseaux blancs, Sainte-Suzanne 97441, La Réunion",+262692971970,,3.7,3,Plombier,,"Saint-André, La Réunion",2026-01-25T16:15:03.814731,google_maps
JOHAN MULTI SERVICE,"Adresse: 1034 Chem. Valentin, Saint-André 97440, La Réunion",0974396452,https://www.welinkbuilders.fr/plombier/menuisier/macon/carreleur/electricien/peintre/platrier/installateur-sanitaire/constructeur-maison-individuelle/plaquiste/nettoyeur/97440-saint-andre-reunion/johan-multi-service-970,3.7,3,Plombier,,"Saint-André, La Réunion",2026-01-25T16:15:10.282856,google_maps
Dépannage plomberie 974,"Adresse: 5 avenue des Maldives, Lotissement Gilbert Delgard, 97450, La Réunion",+262693844484,,5.0,4,Plombier,,"Saint-Louis, La Réunion",2026-01-25T16:16:22.015392,google_maps
Raphaël Plomberie 974,"Adresse: 93bis, Saint-Louis 97421, La Réunion",+262692805761,,5.0,4,Plombier,,"Saint-Louis, La Réunion",2026-01-25T16:16:29.809047,google_maps
Tethys Plomberie,,+262693852169,https://tethysplomberie.re/,5.0,4,Plombier,,"Saint-Louis, La Réunion",2026-01-25T16:16:32.802409,google_maps
ATOMIK PLOMBERIE,,+262692231224,,5.0,4,Plombier,,"Saint-Louis, La Réunion",2026-01-25T16:16:37.946654,google_maps
PMS,"Adresse: 1e Chem. du Bass., Saint-Louis 97421, La Réunion",+262693703358,http://pms-49.webself.net/,5.0,4,Plombier,,"Saint-Louis, La Réunion",2026-01-25T16:16:40.197603,google_maps
Solution BTP 974 - Expert en Recherche de Fuite d'Eau à La Réunion,"Adresse: 4 Avenue du Pere Rene Payet, Saint-Louis 97450, La Réunion",+262693637095,https://www.fuite-detection.fr/,5.0,4,Plombier,,"Saint-Louis, La Réunion",2026-01-25T16:16:45.557809,google_maps
sarl Plomberie Pei,"Adresse: 54 Chem. du Maniron, L'Étang-Salé 97427, La Réunion",+262693832918,,5.0,4,Plombier,,"Saint-Louis, La Réunion",2026-01-25T16:16:48.056633,google_maps
AJN plomberie,,+262692452715,https://carte.adamkom.store/card/ajn/plomberie,5.0,4,Plombier,,"Saint-Louis, La Réunion",2026-01-25T16:16:50.715294,google_maps
LC PLOMBERIE,,+262693039227,,5.0,4,Plombier,,"Saint-Louis, La Réunion",2026-01-25T16:16:54.085809,google_maps
P2S,"Adresse: 19 Rue Charles Darwin, Le Port 97420, La Réunion",+262262242092,,3.7,3,Magasin de matériel de plomberie,,"Le Port, La Réunion",2026-01-25T16:18:08.513074,google_maps
PROMO-FLEX,"Adresse: 39 Rue Auguste Lacaussade, Le Port 97420, La Réunion",+262262242092,,3.7,3,Fournisseur d'équipement hydraulique,,"Le Port, La Réunion",2026-01-25T16:18:26.331611,google_maps
Batiprod Travaux Généraux La Reunion,"Adresse: Atelier 05, 86 Rue des Cryptomerias, Saint-Benoît 97470, La Réunion",+262262216289,,5.0,49,Travaux généraux,,"Saint-Benoît, La Réunion",2026-01-25T16:19:25.731140,google_maps
Renov & Moi - La Réunion 974,"Adresse: Apprt. 33, Résidence Saint-Hubert, 92 Rue Montfleury, Saint-Benoît 97470, La Réunion",+262692110417,https://renovetmoi.re/?utm_medium=referral&utm_source=gmb&utm_campaign=lnk-gmb,5.0,49,Société de travaux publics,,"Saint-Benoît, La Réunion",2026-01-25T16:19:36.432626,google_maps
Avenir Fluides,,+262262015484,,5.0,49,Plombier,,"Saint-Benoît, La Réunion",2026-01-25T16:19:57.875751,google_maps
Ravate Pro | Saint-Benoît,"Adresse: Parc d'Activités des Plaines, 70 Rue des Cryptomerias, Saint-Benoît 97470, La Réunion",+262262424949,http://www.ravatepro.fr/,5.0,49,Fournisseur de matériaux de construction,,"Saint-Benoît, La Réunion",2026-01-25T16:20:03.837912,google_maps
E.I.CLEMENCEAU MULTISERCVICES,"Adresse: 30 bis Chem. Jacquemin, Saint-Benoît 97437, La Réunion",+262692618886,https://www.facebook.com/107254791148605/photos/a.110535650820519/238884881318928/,5.0,49,Artisanat,,"Saint-Benoît, La Réunion",2026-01-25T16:20:14.253837,google_maps
Réno Habitat,"Adresse: 23 Lot. Champacks, Saint-Benoît 97470, La Réunion",+262692593999,https://www.renovation-construction-maison-974.fr/,5.0,49,Entreprise de construction,,"Saint-Benoît, La Réunion",2026-01-25T16:20:22.394184,google_maps
